FRAME,X_0,Y_0,Z_0,X_1,Y_1,Z_1,X_2,Y_2,Z_2,X_3,Y_3,Z_3,X_4,Y_4,Z_4,X_5,Y_5,Z_5,X_6,Y_6,Z_6,X_7,Y_7,Z_7,X_8,Y_8,Z_8,X_9,Y_9,Z_9,X_10,Y_10,Z_10,X_11,Y_11,Z_11,X_12,Y_12,Z_12,X_13,Y_13,Z_13,X_14,Y_14,Z_14,X_15,Y_15,Z_15,X_16,Y_16,Z_16,X_17,Y_17,Z_17,X_18,Y_18,Z_18,X_19,Y_19,Z_19,X_20,Y_20,Z_20,X_21,Y_21,Z_21,X_22,Y_22,Z_22
198,352,-0.3426140998744529,159,360,-0.36971850506961346,163,376,-0.3826540894806385,161,396,-0.38950439915060997,161,412,-0.39388780295848846,128,385,-0.3831421658396721,131,413,-0.39984892681241035,145,423,-0.4077727943658829,156,427,-0.41071464121341705,119,391,-0.37303145602345467,126,421,-0.389116071164608,142,432,-0.3933756612241268,156,435,-0.393985141068697,118,396,-0.3643360622227192,125,423,-0.3790580965578556,141,432,-0.383017934858799,154,436,-0.3831162117421627,121,399,-0.35704146698117256,128,420,-0.3693692199885845,140,428,-0.37332917004823685,150,432,-0.37360781617462635,0,0,0,0,0,0
199,356,-0.33570337179824605,160,365,-0.3582115191966295,164,380,-0.3701120987534523,161,397,-0.3770018629729748,160,411,-0.3821582719683647,127,387,-0.37377260252833366,132,413,-0.39105619117617607,146,423,-0.40027619153261185,157,427,-0.40405338257551193,119,394,-0.36617081612348557,126,423,-0.3820154219865799,144,433,-0.3861609734594822,157,435,-0.386740006506443,117,399,-0.35961948707699776,125,425,-0.3731725886464119,141,434,-0.37595174461603165,153,436,-0.3754602409899235,120,401,-0.354240532964468,128,422,-0.3640289157629013,140,429,-0.3663191460072994,150,433,-0.3658592291176319,0,0,0,0,0,0
200,356,-0.34097725631681897,157,363,-0.3664270807057619,162,380,-0.3781242147088051,161,398,-0.38417014107108116,160,413,-0.38778403401374817,125,386,-0.3794550783932209,129,414,-0.3962177149951458,143,425,-0.40460339933633804,156,429,-0.40779829770326614,117,393,-0.37021227180957794,124,422,-0.3853328973054886,141,434,-0.3891032300889492,155,437,-0.3896784223616123,116,399,-0.362452894449234,123,425,-0.37651972100138664,139,434,-0.3799912929534912,151,437,-0.3799913190305233,119,402,-0.3560662642121315,125,423,-0.36805068887770176,137,431,-0.3714653514325619,148,434,-0.3714608121663332,0,0,0,0,0,0
201,357,-0.3373947442798908,156,363,-0.36538848653435707,161,378,-0.3787343241274357,159,397,-0.38604500889778137,159,412,-0.39074766263365746,123,386,-0.37801842391490936,127,413,-0.39576295763254166,142,424,-0.40493280440568924,155,429,-0.40863703191280365,115,394,-0.36797111108899117,123,423,-0.3838954344391823,140,434,-0.38849007710814476,155,437,-0.38970113918185234,114,400,-0.35958746261894703,123,426,-0.37419163808226585,139,434,-0.3778977766633034,152,437,-0.3781041391193867,118,404,-0.35282906889915466,125,424,-0.36521644704043865,137,431,-0.3689133897423744,148,435,-0.36914433538913727,0,0,0,0,0,0
202,357,-0.33893833686488506,158,365,-0.3605265449732542,162,380,-0.3718433044850826,159,397,-0.3784762732684612,158,412,-0.3831392526626587,125,386,-0.37491215020418167,128,414,-0.392300546169281,142,426,-0.40144848823547363,153,430,-0.4050235152244568,116,393,-0.3677894528955221,123,423,-0.38339627906680107,140,434,-0.3873031511902809,153,436,-0.3876369781792164,114,399,-0.3618817012757063,122,426,-0.3752263970673084,138,435,-0.37773243710398674,150,438,-0.3769449405372143,116,402,-0.3571298960596323,123,423,-0.36667863465845585,135,432,-0.3686097711324692,146,435,-0.3677457682788372,0,0,0,0,0,0
203,356,-0.33735780822689776,156,363,-0.36738425120711327,161,378,-0.3823447711765766,159,396,-0.3904426395893097,160,413,-0.3955584317445755,124,386,-0.3856886848807335,127,415,-0.40344245731830597,142,425,-0.4099760949611664,155,428,-0.41146546602249146,116,394,-0.3740679584443569,122,424,-0.3908645249903202,140,435,-0.39361024647951126,155,436,-0.3931876868009567,115,400,-0.3637336827814579,122,427,-0.3794115409255028,138,436,-0.38316750153899193,152,438,-0.38314684107899666,118,404,-0.3548302501440048,125,424,-0.36758679524064064,137,432,-0.3715784437954426,148,436,-0.37204599753022194,0,0,0,0,0,0
204,356,-0.3360749476621834,156,361,-0.36725623719394207,161,377,-0.3815502040088177,160,397,-0.38852541521191597,161,414,-0.3922988437116146,124,386,-0.3848632015287876,129,415,-0.401060052216053,144,425,-0.4060107693076134,157,428,-0.40678875893354416,117,395,-0.3723491244018078,123,425,-0.38933492451906204,142,435,-0.3915823772549629,157,437,-0.3906254321336746,116,401,-0.36115135438740253,123,428,-0.3771476559340954,140,436,-0.380892314016819,153,439,-0.38070543110370636,120,405,-0.35144425090402365,126,425,-0.3649471253156662,138,433,-0.3695710264146328,149,437,-0.37045853212475777,0,0,0,0,0,0
205,356,-0.2862908199542744,158,364,-0.3137163817882538,163,381,-0.3277585841715336,161,399,-0.3353813551366329,160,414,-0.34023479744791985,125,387,-0.332166388630867,130,417,-0.3489890545606613,145,427,-0.35491927713155746,157,429,-0.3562173992395401,117,394,-0.3219350278377533,124,426,-0.3389228545129299,143,436,-0.3416788838803768,157,438,-0.3411330245435238,115,401,-0.31271062046289444,123,428,-0.32786404341459274,140,437,-0.33050498738884926,153,439,-0.3296893574297428,118,405,-0.30481303483247757,125,426,-0.3168748691678047,138,434,-0.3199682682752609,149,437,-0.3197195567190647,0,0,0,0,0,0
206,355,-0.34036327174791836,157,362,-0.37044050358235836,163,378,-0.385236993432045,161,398,-0.3927927352488041,161,414,-0.3973766826093197,126,385,-0.39184072613716125,130,415,-0.4093596562743187,145,425,-0.414743110537529,157,429,-0.4153794124722481,116,393,-0.3797903098165989,124,425,-0.3968038111925125,143,435,-0.3984040468931198,157,437,-0.397147499024868,114,400,-0.3687601163983345,123,427,-0.3848586603999138,139,436,-0.3882463872432709,153,439,-0.3878628835082054,117,404,-0.35902549512684345,124,425,-0.3719828724861145,137,433,-0.3760179802775383,148,437,-0.3765507824718952,0,0,0,0,0,0
207,356,-0.3449704665480624,157,364,-0.3709553238004446,162,380,-0.38433006405830383,160,398,-0.39191359281539917,160,414,-0.3969337195158005,124,387,-0.38632046803832054,129,416,-0.40423281863331795,144,426,-0.4128078520298004,156,429,-0.4158934950828552,116,394,-0.3769712410867214,123,425,-0.3938290365040302,142,435,-0.39754052087664604,156,437,-0.39762355387210846,115,400,-0.3689362518489361,123,427,-0.38387973979115486,139,436,-0.38674622774124146,152,439,-0.38600194826722145,118,404,-0.36223681829869747,125,425,-0.373630752786994,138,433,-0.37626253440976143,149,436,-0.37571257166564465,0,0,0,0,0,0
208,355,-0.3695996881822907,156,362,-0.3986391630023718,161,379,-0.4130204916000366,159,397,-0.42076482996344566,159,413,-0.4257111921906471,124,386,-0.4156782142817974,128,416,-0.43396107107400894,143,427,-0.44155363738536835,156,430,-0.443731427192688,115,394,-0.4048200286924839,123,425,-0.4218275398015976,141,436,-0.42457693442702293,155,437,-0.4239371195435524,114,401,-0.395439688116312,122,428,-0.41118279844522476,139,437,-0.41407645121216774,151,440,-0.4132145196199417,117,405,-0.38752464950084686,124,427,-0.4002454336732626,136,435,-0.40341584756970406,147,438,-0.40300821140408516,0,0,0,0,0,0
209,355,-0.36102470242332174,155,363,-0.3886416591703892,160,379,-0.40208759903907776,159,399,-0.4091619439423084,160,414,-0.41365521028637886,123,388,-0.4048946462571621,128,416,-0.42136260122060776,142,426,-0.4284287244081497,155,430,-0.43065549433231354,114,395,-0.39446911215782166,122,425,-0.41049924492836,140,436,-0.41354191675782204,154,438,-0.4132530130445957,113,401,-0.3852679170668125,121,427,-0.40006107464432716,137,436,-0.40345872938632965,151,439,-0.4031272567808628,116,404,-0.3774200901389122,124,425,-0.38930195569992065,136,433,-0.3927371986210346,147,436,-0.3928242512047291,0,0,0,0,0,0
210,355,-0.3440108393626531,155,363,-0.3722505122423172,161,380,-0.38585156574845314,159,399,-0.3926554210484028,159,414,-0.39644094929099083,123,387,-0.39174848049879074,128,415,-0.4074545353651047,143,425,-0.4118354842066765,156,429,-0.41218483448028564,113,394,-0.38080256432294846,121,425,-0.3976270407438278,140,436,-0.3998681865632534,155,439,-0.3990570083260536,111,400,-0.37068345956504345,119,428,-0.38669146597385406,136,437,-0.39009779691696167,150,440,-0.38970504328608513,114,404,-0.3617882411926985,121,425,-0.3749838322401047,134,434,-0.379132766276598,145,438,-0.37973450496792793,0,0,0,0,0,0
211,356,-0.33225005762392357,156,367,-0.3510249312967062,160,385,-0.3615476582199335,159,402,-0.36820536851882935,159,416,-0.373027503490448,123,390,-0.36598261818289757,127,418,-0.3836478851735592,143,428,-0.39319295808672905,155,432,-0.39698225259780884,114,395,-0.36085612140595913,121,427,-0.3776981234550476,140,439,-0.3819384053349495,154,441,-0.3819909244775772,112,400,-0.3567327782511711,120,429,-0.37047889828681946,137,439,-0.3728827014565468,150,442,-0.37172769010066986,115,403,-0.35364303551614285,122,426,-0.3634399175643921,135,435,-0.3652176596224308,146,438,-0.3640568107366562,0,0,0,0,0,0
212,359,-0.33383206885423533,153,368,-0.35737194679677486,159,387,-0.3696298375725746,158,406,-0.37600119784474373,159,420,-0.3802869841456413,123,389,-0.38091692328453064,128,418,-0.39898087084293365,143,430,-0.4060278758406639,155,435,-0.4080607518553734,113,395,-0.3726189583539963,120,429,-0.39101947844028473,139,441,-0.3935975767672062,154,444,-0.39271296188235283,109,402,-0.364814180880785,118,432,-0.3809019550681114,136,442,-0.38300951942801476,149,445,-0.3815760277211666,111,406,-0.35795729979872704,119,429,-0.3699425868690014,133,438,-0.37244609370827675,144,442,-0.3719377778470516,0,0,0,0,0,0
213,362,-0.3251179794297343,148,368,-0.3521735928952694,158,386,-0.36641355603933334,158,406,-0.3739406503736973,159,422,-0.37887097522616386,123,391,-0.3774833455681801,129,421,-0.3959202244877815,144,433,-0.40206436812877655,156,437,-0.4031943902373314,112,399,-0.3672610633075237,119,432,-0.3857967108488083,138,444,-0.38737180829048157,153,446,-0.3858495205640793,108,405,-0.3575687073171139,117,435,-0.37543127313256264,134,444,-0.37819236144423485,147,447,-0.3767860420048237,110,410,-0.34875069558620453,117,433,-0.3622427023947239,130,441,-0.36513735726475716,140,444,-0.3647371493279934,0,0,0,0,0,0
214,364,-0.29286053159637504,147,369,-0.3219927102327347,157,387,-0.3374064676463604,158,408,-0.3456229008734226,158,424,-0.3507547304034233,121,393,-0.34787150099873543,127,424,-0.36675671488046646,142,435,-0.3720603436231613,156,439,-0.3723413422703743,110,401,-0.33686111494898796,118,434,-0.35743674635887146,137,446,-0.35933317989110947,153,449,-0.3574574142694473,107,407,-0.32640165835618973,115,437,-0.34545691683888435,133,447,-0.34814856573939323,147,450,-0.3462393395602703,108,411,-0.31695303693413734,116,435,-0.3311735913157463,130,444,-0.33446380496025085,140,448,-0.3341275118291378,0,0,0,0,0,0
215,365,-0.3129075708405793,146,371,-0.3413883447647095,157,389,-0.35621311143040657,158,411,-0.363831527531147,158,427,-0.36869965493679047,120,394,-0.367307897657156,127,424,-0.384866327047348,142,436,-0.39006195962429047,155,441,-0.3907885029911995,108,402,-0.3562399260699749,118,435,-0.37509075179696083,137,448,-0.3770470693707466,152,452,-0.37583862990140915,105,408,-0.3455248773097992,115,438,-0.363015778362751,133,449,-0.36579833179712296,147,453,-0.36454884707927704,107,413,-0.3358122128993273,116,436,-0.3495238535106182,129,446,-0.35306698456406593,140,450,-0.35314634814858437,0,0,0,0,0,0
216,367,-0.3195237579910497,147,373,-0.3450497481971979,156,391,-0.35864176601171494,157,412,-0.3653925955295563,158,427,-0.36953092366456985,121,395,-0.37230341136455536,129,425,-0.38912172615528107,143,438,-0.39375393837690353,155,443,-0.3942296728491783,109,404,-0.36256789416074753,118,437,-0.3802143931388855,137,449,-0.3808886371552944,152,452,-0.3787251301109791,104,411,-0.35282130166888237,115,440,-0.3691190741956234,132,450,-0.3704090267419815,146,453,-0.3682059161365032,106,415,-0.3438556380569935,116,438,-0.35589051991701126,129,447,-0.3577665910124779,140,450,-0.3566875793039799,0,0,0,0,0,0
217,367,-0.28441828702409566,144,375,-0.3081778362393379,156,393,-0.32149917259812355,158,414,-0.32839855551719666,158,429,-0.3328534699976444,122,396,-0.3357217162847519,131,427,-0.35132870078086853,145,439,-0.3546053618192673,157,444,-0.3541901484131813,109,404,-0.3270346149802208,118,438,-0.34445133805274963,138,450,-0.3450440429151058,153,454,-0.34277649968862534,105,410,-0.318081546574831,115,441,-0.3343607559800148,132,451,-0.3357761465013027,145,455,-0.33363139256834984,106,414,-0.30963731557130814,115,438,-0.32132452353835106,127,447,-0.32279788702726364,137,451,-0.3216746039688587,0,0,0,0,0,0
218,370,-0.2797664924806753,145,375,-0.30252235010266304,156,394,-0.3153293952345848,157,415,-0.32210705801844597,159,430,-0.3267771862447262,122,397,-0.3298444077372551,132,428,-0.346745140850544,146,440,-0.3525207042694092,157,446,-0.35379283130168915,110,405,-0.3216518349945545,120,439,-0.3384152762591839,139,452,-0.33934495970606804,154,455,-0.3378478102385998,105,411,-0.3133765868842602,115,442,-0.3283657990396023,132,453,-0.3296322003006935,146,456,-0.3278564363718033,105,416,-0.305779917165637,114,440,-0.3163996748626232,127,449,-0.3180384561419487,138,453,-0.31739794462919235,0,0,0,0,0,0
219,369,-0.31645789442517014,145,375,-0.3393925465643406,157,395,-0.35157448798418045,159,416,-0.3578505106270313,162,432,-0.36172042414546013,123,400,-0.36362073197960854,133,431,-0.3786671757698059,148,443,-0.3828008398413658,158,449,-0.38302161544561386,110,407,-0.3547923043370247,121,441,-0.3705522455275059,140,453,-0.3707338869571686,154,457,-0.3687399737536907,105,413,-0.3460907656699419,114,444,-0.3604215607047081,132,454,-0.3616061322391033,145,458,-0.3597412258386612,105,417,-0.3381429351866245,112,441,-0.34833212196826935,126,452,-0.35035667568445206,137,456,-0.3500342294573784,0,0,0,0,0,0
220,369,-0.3022422021848712,145,375,-0.3239654451608658,158,395,-0.3361821435391903,159,417,-0.34295330941677094,161,434,-0.3476792275905609,125,400,-0.3473740369081497,134,431,-0.36316586285829544,148,444,-0.3689291477203369,159,449,-0.3702721893787384,110,406,-0.3395095728337765,121,441,-0.35490141436457634,140,455,-0.35576776042580605,154,458,-0.35439804196357727,105,412,-0.33180991746485233,115,444,-0.34515153244137764,132,455,-0.3457261882722378,146,459,-0.34367628395557404,105,416,-0.3249182403087616,113,441,-0.33419809117913246,126,452,-0.3354448080062866,136,456,-0.33466435596346855,0,0,0,0,0,0
221,371,-0.30307050541512126,143,375,-0.32902365177869797,156,394,-0.3438382036983967,160,416,-0.3517707288265228,161,434,-0.3569669760763645,125,399,-0.358337577432394,135,432,-0.3759341463446617,149,445,-0.3809236139059067,160,450,-0.38149891793727875,110,407,-0.34871819615364075,121,442,-0.3657089024782181,140,455,-0.3657265231013298,155,459,-0.3638356812298298,104,414,-0.3391706570982933,113,446,-0.3538065291941166,130,458,-0.3540995717048645,144,462,-0.3520164079964161,103,418,-0.33063365146517754,111,444,-0.34181682392954826,124,455,-0.34390538185834885,135,460,-0.3435678631067276,0,0,0,0,0,0
222,371,-0.2998700700900372,143,377,-0.3216209392994642,157,398,-0.3335074819624424,160,420,-0.33937960118055344,162,436,-0.3431420400738716,125,400,-0.34894639253616333,135,433,-0.36485759913921356,149,446,-0.36990685760974884,160,452,-0.3708505630493164,110,408,-0.340962290763855,121,444,-0.3572547137737274,140,457,-0.3580518327653408,154,461,-0.3567112050950527,103,414,-0.33278433606028557,112,447,-0.34590936452150345,129,459,-0.3461954928934574,142,464,-0.3442542813718319,102,419,-0.3254134729504585,110,445,-0.3347436897456646,123,455,-0.33614663034677505,133,460,-0.33560114726424217,0,0,0,0,0,0
223,374,-0.30019950337613466,142,379,-0.3227740917354822,156,399,-0.33531737700104713,159,421,-0.3418242111802101,161,439,-0.3460732065141201,124,402,-0.34965984523296356,136,436,-0.3656669333577156,150,449,-0.3704385831952095,161,454,-0.37097328156232834,109,410,-0.3413766734302044,122,446,-0.3569415472447872,140,459,-0.35727986693382263,153,462,-0.3558697775006294,102,417,-0.3331175781786442,112,449,-0.34588203951716423,129,461,-0.3459537625312805,142,466,-0.344010379165411,101,422,-0.3257490787655115,109,448,-0.335014209151268,122,459,-0.33635400235652924,133,464,-0.3358016721904278,0,0,0,0,0,0
224,373,-0.3003129187297162,141,378,-0.3227646332234144,156,400,-0.33488887175917625,159,423,-0.3412462845444679,161,440,-0.3455013521015644,125,403,-0.3476720564067364,135,436,-0.36421414464712143,148,450,-0.36984581500291824,159,456,-0.37094737589359283,110,410,-0.33970756456255913,121,446,-0.35602540522813797,139,460,-0.35753050073981285,152,464,-0.3566383272409439,102,417,-0.33192699402570724,111,450,-0.3451671227812767,128,463,-0.34607765078544617,141,468,-0.3444497771561146,100,422,-0.3251357991248369,107,449,-0.33501697704195976,120,460,-0.3372437618672848,131,466,-0.3371739462018013,0,0,0,0,0,0
225,373,-0.33155883470574565,139,379,-0.3530398104339838,154,400,-0.36424897238612175,158,422,-0.3697039596736431,159,440,-0.37300823256373405,123,405,-0.37741775065660477,134,438,-0.39195404201745987,147,451,-0.3962827995419502,158,457,-0.39695625752210617,108,413,-0.36994732543826103,120,448,-0.3844224028289318,138,461,-0.3850993439555168,152,466,-0.38392309099435806,100,419,-0.36250966042280197,109,453,-0.37405650317668915,125,465,-0.3741299659013748,139,469,-0.37238090485334396,97,423,-0.3560742884874344,106,450,-0.36498764157295227,118,460,-0.36665287986397743,129,465,-0.3663438558578491,0,0,0,0,0,0
226,374,-0.3311084326917495,138,381,-0.3524662312120199,153,403,-0.36389826610684395,156,426,-0.3695984557271004,158,444,-0.3733387850224972,123,405,-0.37926672399044037,133,437,-0.3954795300960541,146,452,-0.4003572091460228,156,458,-0.40101753920316696,107,412,-0.37228939682245255,119,448,-0.3884775824844837,137,462,-0.38992229849100113,150,467,-0.38925352692604065,98,419,-0.3653152510523796,107,453,-0.37840844690799713,124,466,-0.3792107254266739,138,472,-0.3777412287890911,95,424,-0.3592760693281889,103,451,-0.369400080293417,116,463,-0.3717690147459507,127,468,-0.3718912824988365,0,0,0,0,0,0
227,373,-0.34645554925796773,136,380,-0.3682681545615196,151,402,-0.38002678379416466,154,427,-0.38543883711099625,155,445,-0.38847634568810463,121,406,-0.39805692061781883,131,441,-0.4126410409808159,144,454,-0.4143001511693001,155,459,-0.41258709877729416,104,414,-0.39009495452046394,117,451,-0.4062008634209633,134,464,-0.40540678054094315,148,468,-0.4026079326868057,95,421,-0.3817310780286789,105,455,-0.3940129242837429,121,468,-0.3924430385231972,135,472,-0.38912258669734,91,425,-0.3742875326424837,100,453,-0.383496779948473,112,464,-0.38446658104658127,123,469,-0.38333306461572647,0,0,0,0,0,0
228,373,-0.34409480926036906,133,380,-0.3647339753806591,148,402,-0.3764806352555752,152,426,-0.3827049322426319,154,444,-0.3867577128112316,120,406,-0.39088987559080124,129,440,-0.4071132317185402,141,455,-0.411699078977108,152,461,-0.41184963285923004,103,414,-0.38427504897117615,115,451,-0.400175791233778,132,465,-0.40085800737142563,145,469,-0.39914755523204803,93,421,-0.377662006765604,101,456,-0.38992882519960403,118,469,-0.3891725391149521,131,473,-0.3862934485077858,88,425,-0.3720430675894022,96,453,-0.3808661475777626,108,464,-0.38167930394411087,120,468,-0.3803926147520542,0,0,0,0,0,0
229,371,-0.342462006472374,130,379,-0.360847657546401,146,402,-0.3713548742234707,149,427,-0.3766038827598095,151,445,-0.37979667261242867,117,405,-0.3882593773305416,126,440,-0.40323466062545776,139,455,-0.40650614351034164,149,461,-0.40578698366880417,99,412,-0.38226689398288727,112,451,-0.39683081582188606,129,465,-0.39652682840824127,142,470,-0.3943251147866249,88,420,-0.3759601153433323,99,455,-0.3869287669658661,115,468,-0.3852502629160881,128,473,-0.38189902156591415,84,425,-0.3704670984297991,93,453,-0.37817394360899925,105,465,-0.3782603032886982,117,470,-0.3765952065587044,0,0,0,0,0,0
230,369,-0.34078872142163164,128,377,-0.3605589438229799,143,400,-0.37200286611914635,147,425,-0.377826564013958,148,443,-0.3815097250044346,113,403,-0.389952939003706,123,438,-0.4063165560364723,136,454,-0.40971051901578903,146,460,-0.408745177090168,96,411,-0.38376912474632263,109,449,-0.4001264460384846,126,463,-0.39948780089616776,139,467,-0.3963491767644882,85,418,-0.37737075611948967,96,455,-0.3900185413658619,113,468,-0.38785772398114204,126,472,-0.38346704468131065,82,423,-0.3718696106225252,91,452,-0.38146616145968437,104,464,-0.3819108307361603,115,468,-0.37979278340935707,0,0,0,0,0,0
231,369,-0.3684721109496394,126,378,-0.3883219864219427,141,401,-0.39999598637223244,144,425,-0.40630192682147026,145,443,-0.41060569882392883,110,402,-0.41637372970581055,121,437,-0.4321879595518112,134,452,-0.4361995533108711,144,459,-0.43617357313632965,93,409,-0.41025636717677116,105,448,-0.4268225282430649,123,462,-0.4274662584066391,136,467,-0.42578135058283806,83,416,-0.403865497559309,92,453,-0.41662611812353134,108,467,-0.41548439115285873,121,472,-0.41228652745485306,79,420,-0.3983606733381748,87,450,-0.40750520676374435,99,462,-0.4081915654242039,111,467,-0.40685635060071945,0,0,0,0,0,0
232,366,-0.36099440247232906,123,376,-0.382679658010602,140,398,-0.39574626088142395,144,422,-0.40344979614019394,145,441,-0.40892235189676285,110,401,-0.4077514596283436,119,437,-0.4245922788977623,133,452,-0.43016722053289413,143,458,-0.4310794547200203,92,409,-0.4009159132838249,103,447,-0.41747821122407913,121,462,-0.41898731142282486,135,466,-0.41811732202768326,82,415,-0.39422400668263435,90,452,-0.407198254019022,106,465,-0.4069525822997093,120,469,-0.4046049527823925,79,418,-0.3885519690811634,86,447,-0.39747580885887146,98,459,-0.39843423292040825,110,464,-0.397613275796175,0,0,0,0,0,0
233,367,-0.34676371710672527,123,375,-0.36880022659897804,139,397,-0.38197124749422073,143,421,-0.3891953267157078,143,441,-0.3941121958196163,109,399,-0.3987378366291523,118,434,-0.4154663309454918,131,449,-0.4189166873693466,141,455,-0.41806650161743164,91,407,-0.39192382246255875,103,446,-0.40863117575645447,120,460,-0.408145684748888,134,464,-0.40536340326070786,81,415,-0.38494186475872993,91,451,-0.39789265021681786,107,464,-0.39529675990343094,120,467,-0.39088258892297745,77,420,-0.3790498152375221,84,449,-0.3886241875588894,97,460,-0.3885315842926502,109,464,-0.38627268001437187,0,0,0,0,0,0
234,364,-0.3823413016000927,123,372,-0.4041007310152054,139,395,-0.4174417667090893,143,420,-0.42482777312397957,144,440,-0.4300692304968834,109,395,-0.436016745865345,119,431,-0.4545343592762947,131,447,-0.45947447419166565,141,455,-0.4595537781715393,91,403,-0.4290970452129841,103,443,-0.44786714017391205,121,458,-0.4479640796780586,135,462,-0.44531453400850296,80,411,-0.4219847731292248,90,448,-0.4367359094321728,107,462,-0.4352736286818981,120,467,-0.4312412217259407,76,416,-0.4157864488661289,83,446,-0.42607270926237106,97,458,-0.4268859848380089,109,462,-0.4253477081656456,0,0,0,0,0,0
235,363,-0.4296615385359388,122,371,-0.4523622337728739,138,394,-0.46646449714899063,142,418,-0.4741484597325325,143,437,-0.47963351011276245,108,393,-0.48745668306946754,117,429,-0.5059276521205902,130,445,-0.5098942071199417,140,452,-0.5091760903596878,90,401,-0.48012833297252655,102,441,-0.498700812458992,120,456,-0.49805479496717453,133,460,-0.4950861632823944,79,408,-0.47238288447260857,89,446,-0.4865129441022873,106,459,-0.4839286357164383,119,463,-0.4794573411345482,74,414,-0.4656483568251133,83,444,-0.4757964052259922,96,456,-0.4762149378657341,108,460,-0.4744795002043247,0,0,0,0,0,0
236,361,-0.4439146753263259,122,370,-0.4657762236893177,139,392,-0.47892436757683754,142,417,-0.4856741726398468,143,436,-0.4901418089866638,109,392,-0.499058585613966,117,429,-0.5154950246214867,129,444,-0.5183654427528381,139,451,-0.5173638761043549,90,400,-0.4917437843978405,102,440,-0.5080136358737946,119,455,-0.5073785707354546,133,459,-0.5053514391183853,79,407,-0.48400212079286575,88,444,-0.4959724619984627,104,458,-0.4946962296962738,118,463,-0.4922630339860916,74,413,-0.4772254340350628,82,442,-0.4863091669976711,94,454,-0.4879061058163643,105,459,-0.4878127872943878,0,0,0,0,0,0
237,360,-0.38767165235569223,121,368,-0.40974433347582817,138,391,-0.4232541061937809,142,415,-0.43011608719825745,143,434,-0.43453703820705414,108,389,-0.4465983659029007,117,426,-0.46380387991666794,129,443,-0.46543392539024353,139,449,-0.46295712888240814,89,397,-0.43910760432481766,101,437,-0.45640724897384644,118,453,-0.4537655934691429,131,457,-0.4495368003845215,77,405,-0.4310802295804024,87,442,-0.44418469443917274,104,456,-0.4402756467461586,117,460,-0.43496305868029594,72,411,-0.42402293533086777,80,440,-0.4337943494319916,93,452,-0.4338935613632202,104,457,-0.4318607784807682,0,0,0,0,0,0
238,357,-0.3854994328505086,119,364,-0.4073487725108862,136,388,-0.42033597454428673,140,414,-0.4268767796456814,142,433,-0.43120280280709267,106,387,-0.44162651523947716,116,424,-0.458477646112442,128,440,-0.4612160697579384,138,447,-0.4598246216773987,88,395,-0.43428076431155205,100,435,-0.4514987990260124,117,450,-0.45067010819911957,130,454,-0.4477968402206898,76,403,-0.42639750987291336,86,439,-0.4391373172402382,102,453,-0.4365876317024231,115,458,-0.43234386667609215,70,408,-0.41951362043619156,77,437,-0.4289337359368801,90,450,-0.42947355657815933,102,455,-0.42784474790096283,0,0,0,0,0,0
239,355,-0.3437290910369626,117,362,-0.3663365636020899,135,386,-0.38044752180576324,139,411,-0.38775843754410744,141,430,-0.3928527943789959,106,383,-0.40510380640625954,116,421,-0.42315030097961426,128,438,-0.4250691086053848,137,445,-0.4226893186569214,86,391,-0.39770685508847237,99,432,-0.41591762751340866,116,448,-0.41348355263471603,130,451,-0.4090866148471832,74,399,-0.38964273408055305,85,437,-0.40364011004567146,102,451,-0.39944586902856827,115,455,-0.3936642035841942,68,405,-0.3824835643172264,77,436,-0.39297493547201157,90,448,-0.39260930195450783,102,452,-0.3900027833878994,0,0,0,0,0,0
240,349,-0.3968716271637476,118,358,-0.4173994231969118,135,381,-0.430880818516016,139,406,-0.43823350220918655,141,426,-0.44320690631866455,105,381,-0.45430557429790497,116,419,-0.47194837033748627,128,435,-0.4738401472568512,137,440,-0.47118374705314636,86,388,-0.4478555731475353,99,428,-0.46665874123573303,115,444,-0.46461600065231323,128,448,-0.4600449427962303,74,395,-0.44079821184277534,84,433,-0.4547908529639244,100,447,-0.45075204223394394,113,452,-0.44463957473635674,68,400,-0.43454019725322723,75,431,-0.4444722644984722,87,444,-0.4440080113708973,99,449,-0.4410823881626129,0,0,0,0,0,0
241,344,-0.3959467547318809,117,353,-0.41772848926484585,134,377,-0.43181370198726654,138,402,-0.4395110495388508,142,422,-0.44515539705753326,105,377,-0.4536963738501072,116,414,-0.4721130132675171,128,431,-0.4756505414843559,137,437,-0.4742877557873726,86,383,-0.4468216150999069,99,424,-0.46505580097436905,116,440,-0.46392836421728134,128,443,-0.46050749719142914,74,390,-0.4394720010459423,83,429,-0.4530421271920204,99,444,-0.44941240921616554,112,448,-0.44400545582175255,68,395,-0.43308036029338837,74,427,-0.44269929826259613,86,440,-0.44227685406804085,98,445,-0.43970075249671936,0,0,0,0,0,0
242,341,-0.3584964859206252,116,350,-0.3811298068612814,133,373,-0.3967547118663788,139,398,-0.4058925211429596,143,418,-0.41268423944711685,106,371,-0.421037994325161,117,411,-0.4409973621368408,130,427,-0.4439050704240799,139,432,-0.4413849487900734,87,378,-0.4142487831413746,100,420,-0.43433423340320587,116,437,-0.43277716636657715,129,440,-0.42867743968963623,75,385,-0.40697886049747467,84,425,-0.4221181198954582,100,441,-0.41847946122288704,113,445,-0.4127597510814667,68,391,-0.4005579985678196,75,423,-0.41159045696258545,87,436,-0.4114750027656555,99,441,-0.4088321700692177,0,0,0,0,0,0
243,336,-0.3988614211790349,117,346,-0.4190476071089506,134,371,-0.43253516778349876,140,396,-0.4394737407565117,143,417,-0.44405218958854675,109,369,-0.45905599743127823,119,408,-0.4765791743993759,131,425,-0.47703564167022705,139,431,-0.4730052277445793,89,376,-0.45260289683938026,102,417,-0.4705887660384178,117,434,-0.4667065218091011,129,437,-0.4606425054371357,76,383,-0.44534820318222046,86,421,-0.45854903385043144,100,436,-0.45276252552866936,113,441,-0.44531552121043205,68,388,-0.43886471167206764,75,419,-0.44849710911512375,86,431,-0.4470161199569702,97,436,-0.442975714802742,0,0,0,0,0,0
244,333,-0.3969753879103308,116,343,-0.41788312792778015,133,367,-0.43172214552760124,139,392,-0.4391222111880779,143,412,-0.4440307430922985,108,366,-0.45867738500237465,120,405,-0.477305606007576,132,422,-0.47761065512895584,140,427,-0.472938634455204,88,373,-0.4524683393537998,102,415,-0.4727194756269455,118,431,-0.46896836906671524,131,435,-0.4621695205569267,75,379,-0.4455743506550789,85,419,-0.46119070798158646,101,435,-0.4552202820777893,113,439,-0.44654762744903564,67,384,-0.4394242540001869,73,417,-0.45045700296759605,85,430,-0.44850216060876846,97,434,-0.4433467388153076,0,0,0,0,0,0
245,329,-0.3790657566676572,115,340,-0.39759941026568413,132,364,-0.4105876088142395,138,390,-0.4179195836186409,143,412,-0.4233076348900795,109,364,-0.43503768742084503,120,402,-0.45338282734155655,130,419,-0.45584649592638016,139,425,-0.45308607816696167,89,369,-0.43044496327638626,102,411,-0.44890371710062027,116,429,-0.4477822333574295,128,434,-0.4440436139702797,75,375,-0.42523204535245895,84,416,-0.4395470917224884,97,433,-0.4368731379508972,110,439,-0.43177009746432304,67,380,-0.4204966872930527,73,412,-0.43112367391586304,83,427,-0.4309021309018135,94,434,-0.42795801535248756,0,0,0,0,0,0
246,328,-0.3857946869420257,114,339,-0.40366729721426964,131,364,-0.41640038043260574,138,390,-0.42332784086465836,143,411,-0.4280769042670727,109,362,-0.4435209669172764,120,402,-0.46154651045799255,129,419,-0.46247564256191254,137,425,-0.45830725878477097,89,368,-0.4393044784665108,101,410,-0.4577808901667595,115,428,-0.4553817957639694,127,433,-0.45021896809339523,74,374,-0.4342598542571068,83,414,-0.44859109818935394,97,432,-0.4449150711297989,109,437,-0.4386603869497776,65,379,-0.42966390028595924,71,412,-0.440661758184433,81,426,-0.43998995050787926,92,432,-0.436184823513031,0,0,0,0,0,0
247,329,-0.4275756746652122,113,338,-0.44410576671361923,130,363,-0.456831905990839,136,389,-0.464213989675045,141,411,-0.4698862209916115,109,360,-0.4838414937257767,118,400,-0.5026175230741501,128,418,-0.5047176629304886,136,424,-0.5013012960553169,88,367,-0.48053430393338203,100,409,-0.4997669607400894,114,428,-0.49815385043621063,126,433,-0.4932132959365845,73,373,-0.4762742444872856,83,413,-0.4907471537590027,96,431,-0.4871046282351017,109,437,-0.48068633303046227,63,378,-0.47231893241405487,69,411,-0.48290929570794106,80,425,-0.4815724268555641,91,431,-0.47721681743860245,0,0,0,0,0,0
248,329,-0.40632053569183313,114,340,-0.4217587886378169,131,365,-0.434452410787344,137,390,-0.441659402102232,140,412,-0.4467625245451927,112,361,-0.46593649312853813,121,402,-0.4846930727362633,129,420,-0.4840579628944397,135,425,-0.4778675436973572,91,367,-0.4624444842338562,102,410,-0.4824121668934822,115,429,-0.4780963286757469,126,432,-0.47007088363170624,74,373,-0.4576154164969921,85,414,-0.47254662960767746,98,431,-0.46579720452427864,109,435,-0.45614204928278923,63,377,-0.4529527798295021,69,411,-0.4636909104883671,79,425,-0.46056780591607094,89,429,-0.4539102800190449,0,0,0,0,0,0
249,330,-0.4051896966294315,114,340,-0.418920973315835,131,365,-0.43086556158959866,136,392,-0.43749885633587837,140,414,-0.4420488104224205,113,363,-0.4629316106438637,122,404,-0.4802882522344589,131,422,-0.4785310626029968,137,426,-0.47171376645565033,92,369,-0.46017447113990784,104,412,-0.4783332943916321,117,430,-0.4726637080311775,126,433,-0.4639013521373272,75,375,-0.4559015780687332,86,416,-0.46901537477970123,98,432,-0.46082962304353714,108,436,-0.45062367990612984,63,378,-0.45168493688106537,70,412,-0.4605039246380329,80,425,-0.4559815227985382,89,430,-0.4486643262207508,0,0,0,0,0,0
250,330,-0.46371718024623476,113,340,-0.4744790717959404,130,365,-0.4854690805077553,136,392,-0.49218496680259705,141,414,-0.49714985862374306,115,365,-0.5155034959316254,124,406,-0.5336644500494003,132,424,-0.5337469503283501,136,427,-0.527966596186161,94,370,-0.5143771953880787,105,414,-0.5328028425574303,117,431,-0.5284343883395195,126,434,-0.5202836878597736,77,375,-0.5118685625493526,86,417,-0.525109801441431,98,433,-0.5180500224232674,108,437,-0.5084203258156776,65,378,-0.5091800391674042,70,411,-0.5178648009896278,79,425,-0.5138969235122204,88,431,-0.5067802518606186,0,0,0,0,0,0
251,328,-0.46338946414177684,113,339,-0.4726291373372078,130,365,-0.48241904005408287,136,392,-0.48842984065413475,140,414,-0.4928873162716627,115,365,-0.5117963887751102,124,405,-0.5290823429822922,131,424,-0.5288610383868217,136,428,-0.522897120565176,94,370,-0.5114932507276535,105,413,-0.5296784043312073,117,431,-0.5258832648396492,125,434,-0.5179699696600437,77,375,-0.509759109467268,87,416,-0.523705493658781,99,433,-0.5181620791554451,109,437,-0.5091787166893482,64,379,-0.5075835362076759,71,412,-0.5170176178216934,81,426,-0.5133737176656723,90,429,-0.5061381570994854,0,0,0,0,0,0
252,330,-0.5074331122906983,113,341,-0.5170971984043717,129,366,-0.5277328304946423,136,392,-0.5342929027974606,139,413,-0.5391109064221382,115,364,-0.5586943663656712,123,405,-0.5757017284631729,130,423,-0.5746961981058121,135,428,-0.5684533342719078,94,369,-0.5580771453678608,105,413,-0.5767686069011688,116,431,-0.5721547603607178,125,434,-0.563768807798624,77,374,-0.5557704083621502,86,416,-0.5691830739378929,98,432,-0.5619635693728924,108,436,-0.5521091111004353,64,378,-0.5531394183635712,70,412,-0.5615409389138222,79,426,-0.5569572113454342,88,430,-0.5494104735553265,0,0,0,0,0,0
253,328,-0.47845986174934296,112,338,-0.4864698201417923,128,364,-0.4962190855294466,134,391,-0.5021573361009359,139,412,-0.5065703168511391,115,364,-0.5271756984293461,122,405,-0.5426769852638245,129,423,-0.5409832671284676,133,429,-0.5344068221747875,94,368,-0.5271843113005161,104,413,-0.5440026968717575,115,431,-0.5389658622443676,122,434,-0.5303694419562817,77,373,-0.525243166834116,86,416,-0.536872573196888,97,432,-0.5294489711523056,106,436,-0.5197984166443348,64,376,-0.5228118784725666,69,410,-0.529877994209528,78,424,-0.5248367227613926,87,429,-0.517085961997509,0,0,0,0,0,0
254,326,-0.4667005521257579,111,338,-0.47435184800997376,126,364,-0.4843507129698992,131,392,-0.4905917663127184,136,413,-0.49528744257986546,113,364,-0.5166812017560005,122,405,-0.5325792953372002,127,423,-0.5308187305927277,129,427,-0.5238765254616737,93,368,-0.5167262926697731,103,413,-0.5332062244415283,113,431,-0.5277730189263821,119,433,-0.5190655738115311,75,373,-0.5147463940083981,84,415,-0.5260160751640797,94,431,-0.5185284353792667,103,435,-0.5091059356927872,61,375,-0.5122149027884007,67,409,-0.5187870487570763,75,423,-0.5135895423591137,83,427,-0.505936898291111,0,0,0,0,0,0
255,325,-0.47793335857925,108,338,-0.4834387986920774,124,364,-0.4916684115305543,131,391,-0.4972008541226387,136,412,-0.5013485308736563,113,364,-0.5195989422500134,120,404,-0.5345592945814133,125,422,-0.5341052450239658,128,427,-0.5289034470915794,93,369,-0.5209309756755829,103,412,-0.5367058925330639,110,429,-0.5329005382955074,117,433,-0.525756124407053,75,373,-0.5205796919763088,84,415,-0.5315354354679585,92,431,-0.5250437743961811,100,435,-0.5164574608206749,60,375,-0.5197094902396202,65,408,-0.5263988748192787,73,423,-0.5223891586065292,81,428,-0.5157342813909054,0,0,0,0,0,0
256,326,-0.4710358987720298,107,338,-0.4752430240623653,122,364,-0.48299743607640266,129,392,-0.4881884641945362,133,413,-0.49190512858331203,112,365,-0.5107930228114128,119,405,-0.5244726315140724,123,423,-0.5230339094996452,126,428,-0.5170664414763451,92,369,-0.5125427581369877,101,414,-0.5267326384782791,109,431,-0.5224371701478958,115,434,-0.5150475017726421,74,373,-0.5123905837535858,82,415,-0.5214313939213753,90,431,-0.5147125907242298,98,436,-0.5064395442605019,59,375,-0.5115992650389671,64,408,-0.5161082111299038,71,422,-0.5108710825443268,78,428,-0.5037100687623024,0,0,0,0,0,0
257,327,-0.5308647955695989,106,339,-0.5356218190863729,121,366,-0.5433875899761915,127,394,-0.5480872485786676,132,415,-0.5514314137399197,111,366,-0.5726552419364452,118,407,-0.585602555423975,122,425,-0.5834768898785114,125,431,-0.5772797949612141,91,370,-0.5739536844193935,100,415,-0.5874591656029224,108,432,-0.5828195177018642,113,436,-0.5756377689540386,73,374,-0.5732078887522221,81,417,-0.5821447893977165,89,433,-0.5758580937981606,97,438,-0.5682547800242901,58,376,-0.5717375352978706,64,410,-0.5764723122119904,70,424,-0.5716125853359699,78,430,-0.5650191158056259,0,0,0,0,0,0
258,330,-0.5181812655620774,106,342,-0.5218576320912689,121,369,-0.5297706294804811,127,396,-0.5351269394159317,132,417,-0.5388826131820679,113,369,-0.5582001954317093,118,410,-0.5714828968048096,123,428,-0.5697544775903225,124,433,-0.5634146444499493,92,373,-0.5601242035627365,101,418,-0.573673490434885,108,435,-0.5685627050697803,113,437,-0.5607041344046593,74,377,-0.560082633048296,82,420,-0.5686071701347828,90,436,-0.5613018125295639,96,439,-0.5526829957962036,59,379,-0.5593628063797951,64,414,-0.5630172863602638,70,427,-0.5568430908024311,77,431,-0.5491175930947065,0,0,0,0,0,0
259,331,-0.5668310380884236,107,343,-0.5691226655617356,122,369,-0.5771713014692068,127,396,-0.5827754884958267,132,417,-0.5870902370661497,115,370,-0.6094623059034348,121,411,-0.6226623877882957,124,429,-0.619651947170496,125,434,-0.6122577525675297,94,374,-0.6124131381511688,103,420,-0.6264063008129597,109,437,-0.6198654435575008,114,439,-0.6103456616401672,76,377,-0.6130062900483608,83,422,-0.6223385110497475,90,438,-0.6135220304131508,97,440,-0.6031772717833519,59,379,-0.6126378998160362,65,414,-0.6172264143824577,72,428,-0.6102167889475822,79,433,-0.6011948734521866,0,0,0,0,0,0
260,332,-0.5357758946355915,107,345,-0.5356457550660707,121,371,-0.5417823833413422,127,398,-0.5462654549628496,132,418,-0.5495902020484209,117,373,-0.570550125092268,123,412,-0.5820419155061245,125,430,-0.5793129950761795,126,436,-0.5727216936647892,97,376,-0.5745890252292156,105,420,-0.5872668549418449,110,438,-0.5820374973118305,113,441,-0.5738942995667458,78,379,-0.5764550045132637,86,421,-0.5849069096148014,91,438,-0.5775883793830872,96,442,-0.5688149705529213,61,380,-0.5772971287369728,67,415,-0.5811242647469044,72,429,-0.574632503092289,79,433,-0.5665026772767305,0,0,0,0,0,0
261,332,-0.5763357045696722,107,346,-0.5716452961787581,120,369,-0.577033530746121,122,392,-0.5817070393823087,120,410,-0.5853459965437651,120,374,-0.610762495547533,126,414,-0.622418187558651,128,432,-0.6182265132665634,127,436,-0.6096008606255054,100,378,-0.6164557114243507,108,422,-0.628794725984335,112,439,-0.6205163151025772,113,441,-0.6089039072394371,81,381,-0.6194131895899773,88,423,-0.6270689368247986,93,439,-0.61580615863204,98,441,-0.6030274610966444,63,382,-0.6210596971213818,68,417,-0.6243044547736645,74,431,-0.6150442138314247,80,435,-0.6034355647861958,0,0,0,0,0,0
262,332,-0.6229026673505302,105,346,-0.6164120412431657,118,369,-0.6203671894036233,121,391,-0.6242689233040437,120,407,-0.6271418761461973,120,375,-0.651442114263773,126,415,-0.662306621670723,126,432,-0.6592459641396999,124,437,-0.6518931668251753,101,379,-0.6576723195612431,108,422,-0.668625432997942,110,440,-0.6606686897575855,111,442,-0.6496470905840397,82,382,-0.661362249404192,88,423,-0.668237030506134,91,439,-0.6566458195447922,95,441,-0.6436974704265594,63,383,-0.6637654639780521,67,417,-0.6662944406270981,72,431,-0.6565881781280041,78,435,-0.6445944048464298,0,0,0,0,0,0
263,331,-0.6146022475837896,104,345,-0.6088628582656384,117,370,-0.6133645097725093,120,394,-0.6170292908791453,121,412,-0.6192281609401107,120,375,-0.6474209614098072,125,416,-0.6576804742217064,125,433,-0.6522496715188026,123,436,-0.6428907103836536,100,379,-0.6527628600597382,107,423,-0.6629595793783665,109,440,-0.6528372019529343,109,441,-0.6402917299419641,81,382,-0.6553322374820709,87,424,-0.6614691875874996,91,439,-0.6483635492622852,95,441,-0.6346094980835915,63,383,-0.6565721295773983,66,418,-0.6590434797108173,71,432,-0.6491708271205425,78,436,-0.6370424833148718,0,0,0,0,0,0
264,331,-0.6215597834680011,102,346,-0.6148939160630107,114,369,-0.6192963025532663,115,391,-0.6239323841873556,112,407,-0.627634032163769,118,375,-0.6492638103663921,123,416,-0.6604601368308067,122,433,-0.6584073342382908,119,438,-0.6520697344094515,98,379,-0.6560226455330849,105,424,-0.6667822748422623,106,440,-0.6597225442528725,105,441,-0.6498937252908945,79,382,-0.6603207439184189,85,424,-0.6665354445576668,87,439,-0.6554649733006954,89,441,-0.6436764746904373,60,383,-0.6634115017950535,64,417,-0.6654873378574848,68,431,-0.6562799736857414,73,437,-0.6453560367226601,0,0,0,0,0,0
265,330,-0.595817658515827,101,345,-0.5894709746353328,113,369,-0.593199729686603,113,391,-0.5971172163262963,109,406,-0.6001293156296015,115,375,-0.6213885061442852,121,416,-0.630789864808321,119,433,-0.6273461058735847,116,438,-0.6203628927469254,96,380,-0.6275725588202477,102,423,-0.6361152604222298,103,440,-0.6285048127174377,102,442,-0.6186495870351791,77,383,-0.6313644275069237,83,424,-0.6358903683722019,84,439,-0.6248743515461683,86,441,-0.6135626677423716,58,382,-0.6340516321361065,61,415,-0.6356557048857212,65,429,-0.6269572451710701,70,435,-0.6165118925273418,0,0,0,0,0,0
266,328,-0.5878052403822238,98,344,-0.5805376404896379,110,368,-0.5835825451649725,111,391,-0.5871625192230567,109,408,-0.5898396424017847,115,375,-0.6095888707786798,119,415,-0.6190496813505888,117,433,-0.6169027704745531,114,440,-0.6111416462808847,95,379,-0.6164000909775496,101,422,-0.6253156624734402,101,440,-0.6191758327186108,99,444,-0.6104587763547897,76,382,-0.6210112869739532,81,422,-0.6256990656256676,82,438,-0.6159802675247192,83,443,-0.6057111620903015,57,382,-0.6245210319757462,60,414,-0.6254414729773998,63,429,-0.6169719696044922,67,437,-0.6070512440055609,0,0,0,0,0,0
267,329,-0.6603895243897426,98,345,-0.6521386979147792,110,368,-0.6554257916286588,112,391,-0.6592543859733269,109,408,-0.6620423280401155,113,375,-0.6845905296504498,117,416,-0.693374764174223,115,434,-0.68881362862885,112,439,-0.6808684822171926,94,380,-0.6913973949849606,100,423,-0.699393205344677,99,440,-0.6907407306134701,97,442,-0.6800226215273142,74,383,-0.6956561468541622,80,424,-0.6996443122625351,81,439,-0.6877335645258427,82,442,-0.6758045004680753,55,384,-0.6986210457980633,59,416,-0.6995641365647316,62,431,-0.6902705244719982,67,437,-0.6793550625443459,0,0,0,0,0,0
268,329,-0.6623982584820141,96,345,-0.6532316189259291,108,368,-0.6562337670475245,109,390,-0.660012784646824,105,406,-0.662712298479164,113,376,-0.6860253494232893,116,417,-0.6952375657856464,113,435,-0.6908159758895636,109,439,-0.682598041370511,93,380,-0.6932593137025833,99,424,-0.7018624618649483,97,441,-0.6928742863237858,94,442,-0.6814137790352106,73,383,-0.6978998780250549,79,425,-0.7028556279838085,79,440,-0.6902079582214355,79,441,-0.6769684124737978,54,383,-0.7011018358170986,57,417,-0.7026840709149837,60,431,-0.6923220623284578,64,436,-0.6799508631229401,0,0,0,0,0,0
269,330,-0.6804346147865346,95,347,-0.6712748492136598,107,371,-0.6747463783249259,107,393,-0.679059753078036,103,410,-0.682267535943538,112,377,-0.7041532378643751,114,419,-0.7140072397887707,111,436,-0.7108764313161373,106,441,-0.7037597335875034,93,381,-0.7118000611662865,96,426,-0.7202543392777443,94,442,-0.7118457555770874,92,443,-0.7012781240046024,73,383,-0.7168714068830013,77,426,-0.7206996865570545,76,440,-0.7076003551483154,77,442,-0.6947647901251912,53,383,-0.7206996865570545,55,418,-0.7205902859568596,58,432,-0.709364041686058,62,437,-0.6970405336469412,0,0,0,0,0,0
270,329,-0.655581641315095,93,346,-0.6455173995345831,105,370,-0.647921402938664,104,392,-0.6514973393641412,100,408,-0.6540313535369933,111,378,-0.6755070723593235,114,419,-0.6843483410775661,111,436,-0.6810572538524866,106,440,-0.6740087177604437,92,382,-0.6832251641899347,96,426,-0.6903674490749836,93,442,-0.6823077872395515,91,443,-0.6723227985203266,72,384,-0.6885320395231247,76,426,-0.6913998015224934,76,440,-0.6793272439390421,76,442,-0.6675934456288815,53,384,-0.692591767758131,55,418,-0.6923206225037575,57,432,-0.6821993291378021,61,437,-0.6709299422800541,0,0,0,0,0,0
271,330,-0.6443182178656741,92,348,-0.6348850689828396,105,372,-0.6377210346981883,104,395,-0.6417032075114548,99,411,-0.6444437892350834,110,379,-0.6645561940968037,112,422,-0.6741307526826859,107,438,-0.6716341562569141,102,441,-0.6652323734015226,91,383,-0.6722943559288979,94,428,-0.6797693558037281,91,443,-0.6724918950349092,88,443,-0.663391949608922,71,385,-0.6777782700955868,75,427,-0.6807020343840122,73,441,-0.6690722163766623,72,443,-0.6581146353855729,51,385,-0.6820609271526337,53,417,-0.6819455288350582,55,432,-0.6722599882632494,58,438,-0.6616649925708771,0,0,0,0,0,0
272,329,-0.6577871323414399,90,347,-0.648826876655221,103,371,-0.6522008897736669,103,394,-0.656764657702297,98,410,-0.6602085065096617,108,379,-0.679444644600153,111,422,-0.6898873522877693,106,438,-0.6876600589603186,99,441,-0.6810308452695608,89,383,-0.6872438360005617,92,428,-0.6946018859744072,89,444,-0.6870161201804876,86,445,-0.6776662524789572,68,385,-0.6928677931427956,72,428,-0.6958167999982834,71,442,-0.6840306147933006,70,444,-0.6729323109611869,49,384,-0.697391290217638,51,418,-0.697982233017683,53,432,-0.6885473039001226,56,438,-0.6779306884855032,0,0,0,0,0,0
273,328,-0.7057533938784815,86,346,-0.6951774889603257,99,370,-0.697758468799293,98,393,-0.7019628735724837,93,409,-0.7051923908293247,105,380,-0.724700877442956,108,422,-0.7339436504989862,102,439,-0.7309789378196001,95,441,-0.7241041585803032,86,384,-0.733221473172307,89,429,-0.7392525412142277,84,444,-0.7315797805786133,81,445,-0.7224723752588034,66,386,-0.7394517362117767,69,428,-0.741776529699564,66,443,-0.7305022701621056,65,445,-0.7200210420414805,46,386,-0.744364470243454,47,419,-0.7445747330784798,49,433,-0.7351744826883078,52,439,-0.7247079629451036,0,0,0,0,0,0
274,326,-0.7657900774328681,83,347,-0.7537944754585624,95,372,-0.7558243554085493,93,393,-0.7598850107751787,87,410,-0.7629573321901262,101,382,-0.781251298263669,102,424,-0.7899352293461561,95,438,-0.787528820335865,88,440,-0.7812097854912281,82,385,-0.7901073042303324,83,429,-0.7941459864377975,77,443,-0.7865456901490688,73,444,-0.7782251993194222,62,386,-0.796683955937624,64,428,-0.7974292077124119,60,442,-0.7861546091735363,58,443,-0.7762234350666404,41,385,-0.801888220012188,43,419,-0.8001011982560158,44,432,-0.7895340789109468,46,437,-0.7787771802395582,0,0,0,0,0,0
275,323,-0.8345894410004888,76,343,-0.823012606240809,89,369,-0.825035659596324,87,390,-0.8296419102698565,80,405,-0.8337911603739485,95,379,-0.8473391337320209,97,421,-0.8567337915301323,90,436,-0.8574801739305258,82,441,-0.8541847113519907,77,382,-0.8570337910205126,78,426,-0.8615167550742626,73,442,-0.85749227181077,68,444,-0.8524350896477699,57,383,-0.8647357914596796,58,425,-0.8652947787195444,55,440,-0.8574688229709864,53,443,-0.8507906254380941,36,382,-0.8713120855391026,36,415,-0.8695776201784611,37,429,-0.861297819763422,39,436,-0.8530206568539143,0,0,0,0,0,0
276,320,-0.8354201461891364,72,342,-0.8240132303908467,84,367,-0.8263397598639131,82,389,-0.8311548912897706,74,405,-0.8353098965453682,91,377,-0.8482437571510673,92,419,-0.8569952193647623,85,434,-0.8568138387054205,77,438,-0.8529038764536381,73,380,-0.8579292334616184,73,425,-0.8621428478509188,67,440,-0.8573455940932035,62,442,-0.8516737520694733,52,382,-0.8655745703727007,53,423,-0.8658589869737625,50,438,-0.8571741934865713,48,440,-0.8499254332855344,31,381,-0.8721359446644783,32,414,-0.8697502724826336,33,428,-0.8603768330067396,34,434,-0.8513253759592772,0,0,0,0,0,0
277,319,-0.7839799177446594,70,339,-0.7717220121994615,82,364,-0.7736979816108942,81,387,-0.7779204091057181,74,403,-0.7813193877227604,89,375,-0.7996274679899216,90,418,-0.8084203060716391,82,433,-0.8062649983912706,74,436,-0.8004216011613607,71,379,-0.8093978576362133,70,424,-0.8147389031946659,64,438,-0.8077536094933748,59,439,-0.7996721211820841,50,380,-0.8168205954134464,50,422,-0.8179728202521801,46,436,-0.8064866494387388,44,438,-0.7964991899207234,29,379,-0.8229340016841888,30,413,-0.8206298761069775,30,426,-0.8092843592166901,31,431,-0.798148681409657,0,0,0,0,0,0
278,315,-0.653276192240952,63,336,-0.642623140476644,75,361,-0.6454565627500415,71,383,-0.6507074749097228,63,399,-0.6552666572388262,82,372,-0.6675821011886001,82,414,-0.6766936238855124,74,428,-0.6769289933145046,65,431,-0.6732857711613178,63,375,-0.6770348735153675,63,419,-0.6809439118951559,56,433,-0.6764714494347572,51,435,-0.6716550067067146,42,377,-0.6844218596816063,42,418,-0.6846502795815468,39,431,-0.6764337420463562,37,433,-0.6699698865413666,21,376,-0.6907106339931488,22,410,-0.6875083781778812,23,421,-0.6773446016013622,24,424,-0.6682426622137427,0,0,0,0,0,0
279,313,-0.6730509638561131,62,335,-0.6595095796510577,74,360,-0.6608301540836692,70,382,-0.6649805027991533,63,397,-0.668645634315908,80,371,-0.6849810322746634,80,413,-0.6936974674463272,72,428,-0.6928793750703335,63,432,-0.6881423993036151,61,375,-0.695607852190733,60,420,-0.7002680096775293,53,434,-0.6944088786840439,47,434,-0.687346394173801,40,376,-0.7039505671709776,39,418,-0.7044825218617916,35,431,-0.6936237215995789,32,433,-0.6842572959139943,19,374,-0.711002554744482,19,408,-0.7079293206334114,19,420,-0.6961026415228844,19,424,-0.6847965652123094,0,0,0,0,0,0
280,312,-0.669524893400407,58,334,-0.6581305470317602,69,359,-0.6602451121434569,66,381,-0.6645584357902408,58,397,-0.6679621592629701,74,370,-0.685060378164053,74,413,-0.6948808822780848,65,427,-0.6941267121583223,57,427,-0.6888825222849846,55,373,-0.694393852725625,54,419,-0.700071232393384,48,432,-0.6947996970266104,43,431,-0.6880363095551729,34,373,-0.7015305310487747,35,416,-0.7035443671047688,31,430,-0.6945161540061235,28,431,-0.6860962435603142,13,371,-0.7072870768606663,13,406,-0.7060222364962101,13,420,-0.6961452607065439,14,424,-0.6860838960856199,0,0,0,0,0,0
281,313,-0.6838144412319451,56,334,-0.6713506290689111,68,360,-0.6729853227734566,65,383,-0.6767239291220903,58,400,-0.6793201421387494,73,370,-0.7001463677734137,73,414,-0.7100534606724977,64,429,-0.7080951873213053,56,430,-0.7014245484024286,53,374,-0.7096630409359932,52,420,-0.7165790311992168,46,434,-0.7092904727905989,41,434,-0.700094111263752,32,375,-0.7167933955788612,32,418,-0.719176959246397,29,431,-0.7064338475465775,28,432,-0.6945944959297776,11,373,-0.7225174866616726,12,409,-0.719481460750103,12,420,-0.705871170386672,13,423,-0.6926225246861577,0,0,0,0,0,0
282,315,-0.7482794760091451,58,335,-0.7346914270892739,69,361,-0.7352423630654812,66,383,-0.7378744957968593,59,399,-0.7396107977256179,74,373,-0.7631443431600928,75,415,-0.7712320145219564,67,431,-0.7678137887269258,59,432,-0.7604421470314264,55,376,-0.7724261581897736,55,422,-0.7779703885316849,49,436,-0.7701517585664988,44,435,-0.7606405196711421,34,377,-0.779101874679327,35,420,-0.7808503061532974,31,433,-0.7685162257403135,29,433,-0.7569382935762405,14,374,-0.7841830216348171,14,409,-0.7823085561394691,14,421,-0.7705336380749941,15,426,-0.7582669649273157,0,0,0,0,0,0
283,317,-0.7784555776178195,60,339,-0.7636960428208113,71,364,-0.7644996233284473,67,386,-0.7678351253271103,59,401,-0.7704892996698618,77,374,-0.792886957526207,77,418,-0.8009770512580872,70,434,-0.7976318579167128,63,436,-0.7904667928814888,57,378,-0.8031437210738659,58,424,-0.8092594873160124,52,439,-0.8013913556933403,47,438,-0.7916592471301556,37,380,-0.8106616958975792,38,423,-0.8122746758162975,34,436,-0.7996472381055355,33,437,-0.787868500687182,16,378,-0.8165568560361862,16,413,-0.8136788234114647,17,425,-0.801063597202301,20,429,-0.7883705804124475,0,0,0,0,0,0
284,323,-0.7948977023477255,63,344,-0.7828484438359737,74,369,-0.7844439027830958,70,391,-0.7877516131848097,62,407,-0.7901344322599471,79,379,-0.8123642709106207,79,423,-0.8203686662018299,73,437,-0.8171057030558586,67,439,-0.8102992242202163,59,383,-0.8211960792541504,60,429,-0.8266929760575294,55,443,-0.8191695287823677,51,442,-0.8102541491389275,37,385,-0.8273451402783394,39,427,-0.8283638283610344,37,440,-0.8163384646177292,36,441,-0.8054629173129797,16,383,-0.8320259004831314,18,416,-0.8291015401482582,20,429,-0.8171022199094296,22,433,-0.8051540423184633,0,0,0,0,0,0
285,327,-0.8240313766558955,64,347,-0.8110206434503198,75,372,-0.8121252041310072,72,394,-0.8148098550736904,65,410,-0.8164346376433969,78,382,-0.8438388202339411,80,426,-0.851266460493207,75,442,-0.8451446257531643,69,444,-0.835597419179976,58,387,-0.852669719606638,61,433,-0.8596168421208858,58,448,-0.8499790970236063,54,447,-0.8381475862115622,37,388,-0.8584176152944565,40,432,-0.8608750626444817,39,445,-0.8466452453285456,39,445,-0.8328203605487943,17,386,-0.862510547041893,18,422,-0.8604059666395187,21,435,-0.8471015151590109,24,438,-0.8331105317920446,0,0,0,0,0,0
286,332,-0.8210293930792147,64,351,-0.8087426032871008,75,376,-0.810370079241693,74,399,-0.8132161544635892,67,416,-0.8151087388396263,79,386,-0.8431704211980104,81,429,-0.8502679206430912,76,446,-0.8438227567821741,70,448,-0.8341972017660737,59,390,-0.8516550380736589,62,437,-0.8584850542247295,58,452,-0.8493411410599947,54,452,-0.838368684053421,37,392,-0.8568708747625351,40,436,-0.8590911999344826,39,449,-0.8462360482662916,38,450,-0.8340375022962689,17,390,-0.8603428080677986,18,426,-0.8575381003320217,20,438,-0.8445443361997604,23,441,-0.8315394865348935,0,0,0,0,0,0
287,336,-0.814191517261591,63,355,-0.8027576208114624,75,379,-0.8047057818621397,75,402,-0.8077112631872296,69,419,-0.809707148000598,77,389,-0.8365348279476166,80,432,-0.8431659042835236,76,450,-0.8358785230666399,72,454,-0.8257535547018051,57,394,-0.8443848583847284,61,440,-0.8506270311772823,59,457,-0.8399119507521391,56,457,-0.8273291513323784,35,396,-0.8490620590746403,40,439,-0.8509355299174786,40,453,-0.8362293783575296,40,454,-0.8221102654933929,15,395,-0.8522172495722771,17,430,-0.850357823073864,20,443,-0.8375114817172289,24,448,-0.8237045351415873,0,0,0,0,0,0
288,339,-0.8049913889520752,63,358,-0.7949697347357869,74,382,-0.7973958202637732,74,405,-0.8008828149177134,68,422,-0.8033061107853428,77,392,-0.8271568231284618,78,435,-0.835433341562748,76,452,-0.8303157351911068,72,455,-0.8216598760336637,56,396,-0.8348950631916523,60,442,-0.84284757822752,58,458,-0.8342425096780062,56,458,-0.8232390191406012,35,398,-0.8398462682962418,39,441,-0.843638475984335,39,455,-0.8309680055826902,40,456,-0.8181158229708672,15,396,-0.8433420099318027,17,432,-0.8428768962621689,20,446,-0.831190962344408,24,449,-0.8183488873764873,0,0,0,0,0,0
289,343,-0.8724798951096204,62,361,-0.8645366355776787,74,386,-0.867808410897851,74,410,-0.8714837159495801,69,428,-0.8741245976416394,76,394,-0.8973600063472986,78,438,-0.9062542133033276,75,456,-0.9019874222576618,71,461,-0.8940160181373358,55,398,-0.9041910320520401,59,445,-0.912536833435297,58,463,-0.9049623124301434,56,465,-0.8949323613196611,34,400,-0.9082909934222698,38,444,-0.9122374728322029,39,460,-0.9011634066700935,40,462,-0.8897780552506447,13,399,-0.9110135845839977,15,435,-0.9108915627002716,18,449,-0.9001793060451746,23,453,-0.8883088231086731,0,0,0,0,0,0
290,342,-0.8445980960711665,62,361,-0.8372382964007556,73,386,-0.8410613022278994,72,409,-0.8453704594285227,66,425,-0.8488560793921351,75,395,-0.8699756320565939,79,438,-0.8791042231023312,76,456,-0.8752098921686411,71,461,-0.8676842339336872,54,399,-0.8768268153071404,59,445,-0.8850537016987801,58,463,-0.8780840411782265,56,466,-0.8689204789698124,32,400,-0.8810369670391083,37,444,-0.8852088898420334,38,460,-0.8752775434404612,39,464,-0.8650536648929119,12,399,-0.8839329518377781,14,435,-0.884588398039341,17,449,-0.8749150354415178,21,455,-0.8640566039830446,0,0,0,0,0,0
291,346,-0.8359069808544746,61,364,-0.8281299090012908,73,390,-0.8316913573071361,75,416,-0.835179093235638,72,435,-0.8375101027777418,72,397,-0.8663392588496208,75,443,-0.8756921216845512,74,461,-0.8693958818912506,72,465,-0.8592120911926031,50,400,-0.8727181032299995,56,450,-0.8823207207024097,57,469,-0.8726557306945324,57,470,-0.8602807186543941,29,402,-0.8760027922689915,34,449,-0.8811227604746819,36,465,-0.8686204813420773,39,468,-0.8554280065000057,9,401,-0.8777145966887474,11,439,-0.8783911317586899,15,453,-0.8672176413238049,20,457,-0.854533176869154,0,0,0,0,0,0
292,347,-0.8315596709189776,61,366,-0.8263769284822047,73,395,-0.8306708487216383,75,423,-0.8344501808751374,75,445,-0.8368734614923596,70,400,-0.8619432393461466,74,445,-0.8720007762312889,74,463,-0.8671808876097202,73,467,-0.858496006578207,48,403,-0.8676204532384872,53,452,-0.8778182864189148,55,470,-0.869523748755455,56,472,-0.8584510590881109,27,405,-0.8706384748220444,32,451,-0.8764854967594147,35,467,-0.8651727847754955,39,470,-0.8531860392540693,7,404,-0.8723873943090439,9,440,-0.8739832565188408,13,455,-0.8644064478576183,19,460,-0.853197768330574,0,0,0,0,0,0
293,352,-0.7909228958533987,60,371,-0.7852519014850259,70,396,-0.7896591580938548,72,421,-0.7928598871221766,70,439,-0.7943869314622134,67,403,-0.8311585485935211,72,448,-0.8422580398619175,72,467,-0.832621268928051,70,469,-0.8188221044838428,45,406,-0.8360151052474976,51,455,-0.8495493270456791,53,473,-0.8361009731888771,55,474,-0.8189656939357519,24,408,-0.8375804461538792,29,454,-0.8465571962296963,33,471,-0.8298096731305122,37,472,-0.8114058021456003,5,407,-0.8375804461538792,7,445,-0.842122245579958,11,460,-0.8304901644587517,17,464,-0.8153693862259388,0,0,0,0,0,0
294,351,-0.748422307638549,56,371,-0.7471312831621617,68,400,-0.7537822406738997,70,430,-0.7590729268267751,69,452,-0.763220832683146,64,404,-0.7836274392902851,68,448,-0.7955836243927479,69,467,-0.7929209172725677,69,474,-0.7863845899701118,42,406,-0.7884622886776924,47,456,-0.8004777692258358,49,478,-0.7964365817606449,0,0,0,20,407,-0.7907554619014263,25,454,-0.7988394536077976,28,474,-0.7933599427342415,0,0,0,0,406,-0.7916929461061954,3,442,-0.7950424551963806,7,458,-0.7885072454810143,13,466,-0.7809004075825214,0,0,0,0,0,0
295,352,-0.8039181783057074,59,371,-0.8033182519720867,71,400,-0.8100557536818087,74,430,-0.8150727413594723,74,451,-0.8186370125040412,64,402,-0.8433532528579235,68,449,-0.8568014428019524,69,468,-0.8531260415911674,69,470,-0.8443996459245682,41,405,-0.8469396829605103,47,456,-0.8600199930369854,50,475,-0.8526937775313854,52,479,-0.8424476645886898,20,406,-0.8480474166572094,25,454,-0.8558535352349281,29,472,-0.845783993601799,33,477,-0.8349515721201897,2,405,-0.8480764962732792,4,442,-0.8513556867837906,8,458,-0.8433622196316719,13,465,-0.8336730487644672,0,0,0,0,0,0
296,350,-0.8065344976916577,58,369,-0.8033582335337996,71,399,-0.8084419714286923,74,428,-0.8123807976953685,75,450,-0.8149331314489245,64,403,-0.8393732905387878,67,447,-0.8492946773767471,68,466,-0.8440019823610783,67,470,-0.8352025151252747,42,405,-0.8436158411204815,46,454,-0.8540630638599396,48,473,-0.8465369716286659,49,477,-0.8366210032254457,20,407,-0.8452068045735359,24,453,-0.851011298596859,28,470,-0.8413636423647404,31,475,-0.8311925735324621,1,406,-0.8455069214105606,3,442,-0.8465196900069714,8,457,-0.8380169942975044,13,464,-0.8283708523958921,0,0,0,0,0,0
297,348,-0.8505088743704619,58,368,-0.8458316843025386,69,394,-0.8521509434795007,70,419,-0.8572150906547904,66,439,-0.861088203266263,64,399,-0.8934985771775246,69,446,-0.9068552628159523,69,464,-0.9005667120218277,69,466,-0.8896199427545071,41,402,-0.8986288756132126,47,453,-0.9131747931241989,51,472,-0.9023168720304966,53,474,-0.887975636869669,20,405,-0.9004486203193665,25,452,-0.9090584069490433,30,469,-0.8946313336491585,35,473,-0.8792679365724325,1,404,-0.9007750600576401,3,439,-0.9039560109376907,8,455,-0.8931338600814342,13,463,-0.879985062405467,0,0,0,0,0,0
298,346,-0.8432978920715328,57,367,-0.8392318012192845,69,396,-0.8462413945235312,72,425,-0.8511563809588552,74,447,-0.8541395608335733,64,400,-0.890486940741539,66,445,-0.9009092971682549,67,463,-0.8893545903265476,67,466,-0.874857384711504,41,402,-0.8950033560395241,46,452,-0.9078962653875351,48,470,-0.8932397775352001,51,473,-0.876182347536087,20,403,-0.8957844004034996,24,449,-0.903205081820488,28,466,-0.8856985308229923,32,471,-0.8683829009532928,1,401,-0.8950728178024292,3,436,-0.8974891006946564,7,452,-0.8855371661484241,12,460,-0.8715946432203054,0,0,0,0,0,0
299,347,-0.8345118919058194,57,366,-0.831579816294834,69,393,-0.8375401864759624,71,421,-0.8426246559247375,70,441,-0.8468042984604836,64,397,-0.8685648404061794,68,444,-0.882414985448122,68,462,-0.88166593760252,68,466,-0.8756405971944332,41,400,-0.8736162558197975,46,450,-0.8870354369282722,49,470,-0.8826917298138142,51,473,-0.8750317990779877,20,402,-0.8762170001864433,24,449,-0.8843543604016304,28,467,-0.8769688531756401,33,472,-0.8684016019105911,1,401,-0.877540796995163,3,436,-0.8803616054356098,7,452,-0.8729130700230598,12,459,-0.8641014061868191,0,0,0,0,0,0
300,345,-0.8445004739483863,56,364,-0.8407239944208413,67,390,-0.8465013690292835,67,416,-0.8510001171380281,64,435,-0.8546233279630542,62,396,-0.8819177038967609,65,441,-0.8930224925279617,65,461,-0.8878657482564449,66,467,-0.8791520670056343,39,399,-0.8870165646076202,44,448,-0.9000324234366417,47,468,-0.8926162235438824,49,473,-0.8821370452642441,18,400,-0.8890642486512661,23,447,-0.8972319737076759,26,465,-0.8874618522822857,31,471,-0.8765425160527229,0,0,0,1,434,-0.8934664949774742,5,451,-0.8857988938689232,9,460,-0.8760814294219017,0,0,0,0,0,0
301,343,-0.8252792316349229,55,363,-0.824598909704946,67,393,-0.8313833572901785,70,424,-0.8362523978576064,73,447,-0.8400705438107252,60,396,-0.8641411513090134,62,441,-0.8765171393752098,64,460,-0.8734884485602379,65,465,-0.8665185607969761,38,398,-0.8680366985499859,42,447,-0.8810843154788017,46,467,-0.8757648691534996,49,473,-0.8678116500377655,16,398,-0.8692191988229752,20,445,-0.8770620673894882,25,463,-0.8697044998407364,30,470,-0.8616869449615479,0,0,0,0,0,0,4,447,-0.8658214472234249,9,456,-0.8581733405590057,0,0,0,0,0,0
302,342,-0.8548989378703453,54,362,-0.8510307129472494,66,389,-0.8561026486568153,69,416,-0.8600434339605272,68,436,-0.8626308292150497,60,393,-0.8919956386089325,64,439,-0.9060130342841148,64,458,-0.9020810313522816,63,460,-0.8927071467041969,38,396,-0.8966728076338768,42,446,-0.9120966382324696,45,466,-0.9045968279242516,48,469,-0.8927620463073254,18,397,-0.8986679017543793,22,444,-0.9089364670217037,26,463,-0.8986543789505959,30,468,-0.8860420417040586,0,397,-0.8991333544254303,1,432,-0.9041790999472141,5,448,-0.89623898640275,10,456,-0.8852467611432076,0,0,0,0,0,0
