Frame,Sub Frame,Tasch:shoulder:X (mm),Tasch:shoulder:Y (mm),Tasch:shoulder:Z (mm),Tasch:shoulderElbowSupport:X (mm),Tasch:shoulderElbowSupport:Y (mm),Tasch:shoulderElbowSupport:Z (mm),Tasch:elbow:X (mm),Tasch:elbow:Y (mm),Tasch:elbow:Z (mm),Tasch:wrist:X (mm),Tasch:wrist:Y (mm),Tasch:wrist:Z (mm),Tasch:elbowWrist:X (mm),Tasch:elbowWrist:Y (mm),Tasch:elbowWrist:Z (mm),Tasch:outerKnuckle:X (mm),Tasch:outerKnuckle:Y (mm),Tasch:outerKnuckle:Z (mm),Tasch:thumbKnuckle:X (mm),Tasch:thumbKnuckle:Y (mm),Tasch:thumbKnuckle:Z (mm),Tasch:thumbTip:X (mm),Tasch:thumbTip:Y (mm),Tasch:thumbTip:Z (mm)
10356.0,0.0,313.936,-59.0568,560.156,313.458,-6.94356,384.269,312.535,43.7234,234.279,239.135,214.219,88.288,266.842,151.691,145.96,262.64,260.872,44.00236,152.19,247.158,77.7139,126.046,294.529,66.7545
10357.0,0.0,313.757,-59.563,560.243,314.177,-7.77622,384.63,314.128,43.4033,234.773,242.234,214.03,89.1096,269.652,151.462,146.21,266.657,261.039,45.47648,156.23,247.685,77.5056,129.552,295.074,67.3674
10358.0,0.0,313.68,-60.1746,560.694,315.068,-8.51824,384.962,316.148,42.7622,235.18,245.544,214.129,89.694,272.188,151.087,147.315,270.615,261.025,46.9506,159.371,248.029,77.3375,133.191,295.571,67.1348
10359.0,0.0,313.641,-60.5832,561.077,315.986,-9.22447,385.356,318.167,42.0556,235.991,248.921,213.877,90.3351,274.71,150.653,146.628,274.548,261.059,48.48016,163.256,248.633,77.818,137.892,296.438,67.3618
10360.0,0.0,313.551,-60.8668,561.422,316.798,-9.51837,385.266,320.07,41.598,236.118,253.07,214.455,91.4637,278.379,150.499,147.86849999999998,278.919,261.16,50.00972,167.315,249.192,76.9859,141.808,297.218,66.4991
10361.0,0.0,313.544,-61.1627,562.109,317.71,-10.1131,385.566,321.741,41.1104,236.015,256.872,214.209,91.6627,281.373,150.485,149.109,283.47,261.217,51.53928,171.664,249.807,76.3836,146.434,298.18,65.4918
10362.0,0.0,313.325,-61.4385,562.061,318.766,-10.4717,386.338,324.278,40.3007,236.996,261.017,214.282,92.6456,284.99,150.609,149.934,287.981,261.377,53.06884,175.528,250.383,76.5839,151.265,298.873,65.2309
10363.0,0.0,313.16,-61.683,562.206,319.701,-10.9286,387.311,326.366,39.5906,237.977,264.938,214.351,93.2278,288.448,150.135,149.683,292.695,261.546,54.5984,180.003,251.085,76.4641,155.934,299.634,64.7136
10364.0,0.0,312.999,-61.9312,562.465,320.454,-11.2636,387.684,328.082,39.3661,238.327,269.019,214.321,94.187,292.132,149.639,150.487,297.485,261.542,55.6826,184.712,251.942,76.2478,161.243,300.804,65.5468
10365.0,0.0,312.915,-62.1412,562.778,321.01,-11.8643,387.478,330.37,38.7727,238.956,273.738,214.589,94.757,295.288,149.83,150.257,302.434,261.519,56.7406,189.466,252.782,75.8628,166.858,302.237,64.6
10366.0,0.0,312.752,-62.4875,563.134,321.734,-12.3909,387.526,332.607,38.075,239.909,278.16,214.827,95.276,298.986,150.051,151.134,307.628,261.452,57.88725,194.24,253.601,75.4749,172.085,303.338,63.6679
10367.0,0.0,312.665,-62.819,563.424,322.729,-12.9079,388.346,334.817,37.9022,240.331,282.991,215.08,95.9129,302.512,150.232,152.011,312.981,261.421,59.0339,199.109,254.492,75.6555,177.817,304.536,62.9815
10368.0,0.0,312.707,-63.1565,563.81,324.056,-13.0341,389.108,336.796,37.4452,240.734,287.415,215.138,96.1446,306.175,149.779,153.357,318.268,261.279,59.7444,204.632,255.74,75.3836,184.146,306.064,62.4414
10369.0,0.0,312.627,-63.4312,564.087,325.335,-12.9662,389.956,339.537,36.8051,241.5735,292.113,215.46,96.4254,310.794,149.682,153.99,323.706,261.161,60.3662,210.334,256.988,74.9961,190.264,307.339,62.671
10370.0,0.0,312.483,-63.6554,564.332,326.04,-13.1411,390.215,341.416,36.6324,242.413,297.11,215.553,97.1884,314.622,149.836,154.164,329.265,261.019,61.5585,215.818,258.118,75.2185,196.414,308.85,62.4019
10371.0,0.0,312.238,-64.047,564.734,326.757,-13.7002,390.557,343.88,36.345,243.238,302.211,215.604,98.2254,318.32,149.981,154.841,335.104,260.652,62.7508,221.458,259.404,75.5244,202.857,310.5,61.622
10372.0,0.0,312.109,-64.3278,565.137,327.949,-14.0663,390.865,346.487,35.842,244.2605,307.164,215.65,98.9726,322.501,149.954,155.656,340.931,260.23,63.893,227.377,260.682,75.2013,209.474,311.837,60.5182
10373.0,0.0,312.301,-64.4564,565.698,329.252,-14.1958,391.51,348.876,35.6751,245.283,312.21,215.77,99.0789,326.158,149.842,156.147,346.832,259.874,64.746,233.03,261.825,75.0561,216.137,313.243,59.99
10374.0,0.0,312.16,-64.7413,565.784,330.207,-14.4207,392.027,350.968,35.6267,245.56,317.444,215.979,100.141,330.268,149.892,156.762,353.122,259.468,65.5818,239.193,262.945,74.6074,224.2395,315.365,61.45375
10375.0,0.0,312.135,-64.9985,565.955,330.941,-14.7061,392.385,353.418,35.48,246.791,322.847,216.135,101.083,334.705,149.975,157.4435,359.038,258.994,66.6431,245.363,264.306,74.8159,232.342,317.487,62.9175
10376.0,0.0,312.198,-65.2084,566.211,332.07,-14.7261,392.83,355.617,35.2649,247.08,328.207,216.083,101.704,338.649,150.094,158.125,365.036,258.466,67.3642,251.699,265.667,74.9949,237.863,318.777,61.9759
10377.0,0.0,312.301,-65.3909,566.371,333.679,-14.8238,393.815,358.339,34.9627,248.107,333.313,216.026,102.075,342.761,150.164,158.138,371.476,257.943,67.7927,258.44,267.028,75.1747,245.063,319.808,60.52366666666667
10378.0,0.0,312.384,-65.565,566.81,334.716,-15.0502,393.975,360.959,35.0089,249.134,338.584,215.925,102.671,347.045,150.012,159.403,377.668,257.045,68.93105,265.197,268.389,75.4388,252.9125,321.179,59.07143333333333
10379.0,0.0,312.488,-65.7273,567.077,335.273,-15.3129,394.045,363.134,34.9381,250.161,344.269,216.071,103.077,351.098,149.996,160.264,383.964,256.339,70.0694,271.804,269.75,74.6637,260.762,322.631,57.6192
10380.0,0.0,312.532,-65.8787,567.208,336.047,-15.5235,394.701,365.626,34.7617,251.398,349.816,216.184,103.851,355.229,150.083,161.557,390.297,255.671,70.7411,278.062,271.111,75.035,268.825,324.057,57.983
10381.0,0.0,312.602,-66.0625,567.367,337.363,-15.2489,395.828,367.776,34.5352,252.413,355.44,216.031,105.124,359.656,150.18,162.649,396.47,254.665,71.7272,284.523,272.296,74.8972,276.888,325.591,56.7394
10382.0,0.0,312.719,-66.2303,567.588,338.478,-15.1885,396.656,370.195,34.7429,253.317,360.856,216.019,105.79,364.302,150.394,163.199,402.893,253.805,72.7716,291.38,273.425,74.4713,284.163,327.187,57.0596
10383.0,0.0,312.736,-66.3282,567.823,339.403,-15.1529,396.967,372.555,34.6862,254.6605,366.149,215.785,106.774,368.489,150.332,163.94,409.203,252.879,73.9928,298.06,274.501,74.4889,292.3185,328.407,55.9337
10384.0,0.0,312.759,-66.3803,568.02,340.333,-15.3684,397.997,374.952,34.7601,256.004,371.429,215.678,107.466,372.632,150.219,164.796,415.38,251.847,75.2627,304.813,275.569,74.0008,300.474,328.261,54.3418
10385.0,0.0,312.87,-66.5435,568.253,341.536,-15.2635,398.96,376.897,34.7728,256.975,376.987,215.645,108.419,376.767,150.311,165.534,421.863,251.034,76.218,311.764,276.5,73.7492,307.754,328.994,52.7499
10386.0,0.0,312.892,-66.6876,568.592,342.533,-15.1165,399.724,379.388,34.7456,258.2236666666667,382.485,215.537,109.428,380.189,149.702,165.197,428.109,249.89566666666667,77.70406666666666,318.328,277.301,73.9884,315.87225,330.677,54.4537
10387.0,0.0,312.998,-66.8583,568.92,343.159,-15.1243,400.049,381.414,34.9004,259.4723333333333,388.084,215.239,110.556,384.308,149.485,166.252,434.314,248.7573333333333,79.19013333333334,326.3455,278.7175,75.3327,323.9905,331.472,54.2227
10388.0,0.0,313.126,-66.9525,569.378,343.967,-15.0561,400.398,383.672,35.3994,260.721,393.579,215.086,111.119,389.125,149.791,167.71925000000002,440.457,247.619,80.6762,334.363,280.134,76.67699999999999,332.10875,332.28,55.0405
10389.0,0.0,313.232,-67.159,569.731,345.081,-14.696,401.37,385.865,35.5056,262.018,398.665,214.681,112.217,393.348,150.115,169.18650000000002,446.529,246.41266666666667,82.10051999999999,340.02,280.448,78.0213,340.227,332.461,54.7738
10390.0,0.0,313.395,-67.2443,570.032,346.033,-14.4332,402.483,388.116,35.5244,263.181,404.122,214.553,113.425,397.171,149.773,170.65375,452.54,245.20633333333333,83.52484,345.881,280.37,76.7328,347.726,332.859,54.1661
10391.0,0.0,313.431,-67.2936,570.256,346.485,-14.5766,402.842,389.728,35.6989,264.344,409.608,214.157,114.586,401.362,149.417,172.121,458.572,244.0,84.94915999999999,352.551,280.376,76.01205,355.225,332.845,53.9541
10392.0,0.0,313.566,-67.2454,570.368,347.186,-14.4268,403.11,391.72,35.5676,265.533,414.618,213.857,115.7855,405.467,149.44,172.98250000000002,464.372,242.79366666666667,86.37348,358.391,280.377,75.2913,362.842,333.07,53.6155
10393.0,0.0,313.736,-67.2555,570.576,348.495,-13.8492,403.818,394.035,35.8253,266.722,419.466,213.318,116.985,408.866,149.385,173.844,470.035,241.58733333333333,87.7978,364.674,280.642,75.8413,370.289,333.078,53.3627
10394.0,0.0,313.862,-67.1509,570.775,349.613,-13.4669,404.874,395.981,36.3634,268.183,424.495,213.21,118.2465,412.931,148.992,175.22133333333332,475.499,240.381,89.0693,371.214,281.211,76.5744,377.398,332.793,52.5879
10395.0,0.0,314.068,-67.0833,571.005,350.399,-13.1321,405.612,398.22,36.4356,269.644,429.482,212.844,119.508,416.802,148.947,176.59866666666667,481.122,239.18866666666668,90.6252,377.488,281.475,77.0147,384.097,332.407,51.8131
10396.0,0.0,314.249,-66.894,571.211,351.184,-12.8402,406.247,400.05,36.6011,270.922,434.188,212.453,120.538,419.988,148.651,177.976,486.681,237.99633333333333,92.1811,383.156,281.64,77.6664,390.531,332.099,50.2973
10397.0,0.0,314.406,-66.8072,571.413,352.362,-12.4861,407.214,402.094,36.6979,271.808,438.841,212.073,121.381,423.773,148.491,179.247,491.757,236.804,93.737,389.388,281.834,77.811,396.707,331.748,50.3625
10398.0,0.0,314.625,-66.679,571.6,353.2,-12.1818,407.781,404.251,36.6969,273.0516666666667,443.442,211.636,122.468,427.6,148.38,180.518,496.758,235.61166666666668,94.817,395.23,282.019,78.2512,402.915,331.618,51.3541
10399.0,0.0,314.832,-66.5847,571.765,353.638,-12.0016,407.862,406.057,37.0504,274.2953333333333,447.806,211.171,123.78666666666668,430.94,148.459,181.789,501.734,234.41933333333333,96.1493,401.543,282.455,79.7269,409.246,331.699,51.3754
10400.0,0.0,314.989,-66.413,571.883,354.783,-11.5878,408.201,408.313,37.156,275.539,452.306,210.975,125.10533333333332,434.316,148.162,183.14366666666663,506.524,233.227,97.4816,407.058,282.559,81.2026,415.363,331.711,52.5451
10401.0,0.0,315.155,-66.3136,572.045,356.148,-11.2081,408.952,409.856,37.4428,276.662,456.541,210.622,126.424,437.547,147.982,184.4983333333333,511.107,232.03466666666668,98.8139,411.622,282.427,81.4141,422.014,332.01,53.6647
10402.0,0.0,315.317,-66.1951,572.124,356.871,-11.41,409.419,412.085,37.5857,277.875,460.404,210.109,127.237,441.004,147.935,185.853,515.806,230.84233333333333,99.9577,416.243,281.831,80.8154,428.79,332.161,54.8603
10403.0,0.0,315.422,-66.1648,572.203,357.847,-11.2354,410.466,414.391,37.8326,279.189,464.547,209.958,128.324,444.122,147.854,187.017,520.21,229.65,101.05585,421.778,282.114,81.7097,434.819,331.808,55.2575
10404.0,0.0,315.62,-65.9953,572.35,358.895,-10.7713,410.934,416.3,38.0687,280.41,468.525,209.663,129.335,446.894,147.71,188.181,524.379,228.619,102.154,426.462,282.014,81.7304,439.992,331.49,55.2191
10405.0,0.0,315.82,-65.6968,572.479,359.822,-10.4597,411.526,418.254,38.2138,281.631,472.372,209.361,130.581,450.061,147.727,189.238,528.633,227.81,103.375,430.929,281.592,81.5216,445.341,331.063,55.5681
10406.0,0.0,316.098,-65.5277,572.775,360.628,-10.4611,412.416,419.899,38.2443,282.788,475.99,209.094,131.67899999999997,452.817,147.559,190.1795,532.306,226.895,104.596,435.692,281.691,82.0532,450.348,330.464,54.8208
10407.0,0.0,316.262,-65.2474,572.916,361.576,-10.4507,413.113,421.585,38.5016,283.502,479.43,209.042,132.777,455.509,147.485,191.121,536.148,226.045,105.377,439.546,281.53,82.0453,454.599,329.724,54.5547
10408.0,0.0,316.502,-65.021,573.018,362.674,-10.1943,413.464,423.4,38.4448,284.422,482.852,208.889,133.481,458.209,147.197,192.276,539.989,225.304,106.601,443.805,281.175,82.3818,459.634,329.072,54.2261
10409.0,0.0,316.636,-64.7747,573.088,363.743,-10.0016,413.98,425.053,38.309,285.196,486.276,208.803,134.76066666666665,461.116,147.003,193.431,543.62,224.459,107.289,448.25,281.252,82.5017,463.945,328.443,53.4041
10410.0,0.0,316.832,-64.6133,573.054,364.427,-9.96729,414.639,426.887,38.4604,286.239,489.467,208.61,136.04033333333334,463.462,146.844,194.586,547.206,224.047,107.871,451.815,280.86,83.3889,468.22,327.655,52.5265
10411.0,0.0,317.031,-64.3681,573.085,364.98,-10.0214,415.032,428.126,38.3989,286.837,492.806,208.628,137.32,465.947,146.899,195.5965,550.14,223.397,108.095,455.332,280.908,83.6962,471.939,326.804,52.4916
10412.0,0.0,317.304,-64.1004,573.054,366.0,-9.6763,415.258,429.875,38.3082,287.329,495.768,208.619,138.213,468.169,146.724,196.607,553.747,223.123,108.626,459.04,280.676,84.0724,475.267,326.257,51.8926
10413.0,0.0,317.468,-63.9479,573.006,367.186,-9.34267,415.681,431.415,38.4894,288.185,498.682,208.591,138.949,470.74,146.708,197.857,557.048,222.722,108.925,462.315,280.526,83.461,479.004,325.74,51.3667
10414.0,0.0,317.7,-63.6883,572.932,367.956,-9.27802,415.79,432.435,38.7227,288.947,501.501,208.25,140.14,472.979,146.504,199.107,560.14,222.616,108.882,465.509,280.118,84.1753,482.389,325.076,51.0072
10415.0,0.0,317.898,-63.4204,572.857,368.321,-9.51577,415.726,434.31,38.6469,289.287,504.256,208.553,140.836,475.306,146.455,200.282,563.271,222.267,108.996,468.549,279.998,84.1424,485.217,324.322,50.3975
10416.0,0.0,318.081,-63.2103,572.761,369.045,-9.53298,416.163,435.978,38.7131,290.11,506.745,208.342,141.738,477.153,146.535,200.923,565.902,221.965,108.856,471.034,279.68,84.1257,487.806,323.209,50.7607
10417.0,0.0,318.198,-62.9253,572.608,370.064,-9.26821,416.956,437.217,38.945,291.184,509.748,208.555,142.614,479.202,146.479,201.65,568.652,222.03,108.596,473.633,279.408,84.5589,491.142,322.893,49.6216
10418.0,0.0,318.5,-62.5312,572.454,370.991,-8.96628,417.479,438.867,38.9426,291.834,511.957,208.682,143.328,481.036,146.751,202.97,571.406,221.959,108.201,476.685,279.318,84.3482,493.175,322.004,49.4309
10419.0,0.0,318.65,-62.3541,572.379,371.739,-8.7777,417.513,440.23,38.8803,292.389,514.377,208.709,143.955,482.901,146.647,202.985,573.871,222.049,108.193,478.606,279.114,84.7303,495.905,321.264,49.1791
10420.0,0.0,318.788,-62.1599,572.309,372.152,-8.7916,417.108,441.408,38.8274,292.965,516.578,208.792,144.874,484.874,146.605,204.0895,576.439,222.0,107.483,481.326,278.85,84.7282,497.634,320.574,47.7919
10421.0,0.0,318.88,-61.9145,572.241,372.745,-8.70728,416.872,442.397,38.9327,293.542,518.823,208.953,144.832,486.641,146.499,205.194,578.757,222.039,106.927,483.333,278.619,85.3305,499.315,319.644,46.4551
10422.0,0.0,319.021,-61.6155,572.18,373.458,-8.52931,416.943,443.324,38.9158,294.026,520.869,208.919,145.716,488.064,146.482,205.472,580.697,222.17,106.07,485.265,278.139,84.2058,501.051,318.652,45.8553
10423.0,0.0,319.296,-61.3442,571.96,374.28,-8.34473,417.575,444.846,38.8894,294.155,523.019,209.181,146.198,489.69,146.5,206.823,582.828,222.092,105.864,486.985,277.664,84.5811,502.89,317.891,46.3682
10424.0,0.0,319.465,-60.9831,571.809,374.939,-8.23188,418.018,446.099,38.7028,294.452,525.058,209.434,146.369,491.261,146.491,207.3,584.821,222.485,104.641,489.226,277.58,85.0533,504.885,316.848,45.0963
10425.0,0.0,319.643,-60.6933,571.679,375.303,-8.17088,418.183,446.619,38.6194,295.036,526.807,209.371,147.071,492.467,146.423,207.576,586.33,222.716,103.418,491.297,277.314,84.5512,505.734,315.689,44.2487
10426.0,0.0,319.843,-60.4637,571.615,375.849,-8.29419,418.522,447.229,38.5075,294.764,528.951,209.58,147.506,493.667,146.252,208.109,587.874,222.816,102.367,492.498,276.862,83.9788,506.843,314.509,42.8296
10427.0,0.0,320.02,-60.2657,571.467,376.406,-8.30062,418.682,448.399,38.2521,295.51,530.424,209.688,147.718,495.087,146.399,209.005,589.362,222.942,101.697,493.624,276.134,83.3159,507.722,312.984,41.3697
10428.0,0.0,320.278,-60.1172,571.383,377.045,-8.22124,418.713,449.556,38.0718,295.958,531.917,209.571,148.216,496.39,146.268,209.202,590.623,223.083,100.4324,494.778,275.491,82.5951,508.562,311.38,39.9098
10429.0,0.0,320.435,-59.9343,571.182,377.563,-8.04035,418.319,450.535,37.8534,295.941,533.735,209.672,148.847,497.539,146.056,209.886,591.897,223.043,99.1678,495.797,274.873,82.5677,509.309,310.0,39.0954
10430.0,0.0,320.448,-59.7955,571.042,378.207,-7.86648,418.231,451.077,37.8775,296.349,535.341,209.806,148.987,498.544,145.835,210.336,592.979,222.851,99.0647,496.424,274.414,82.7566,509.898,308.645,38.5249
10431.0,0.0,320.604,-59.5619,570.967,378.706,-7.79845,418.562,451.471,37.8721,296.791,536.4,209.73,148.954,499.418,145.544,210.825,593.777,222.717,97.6078,497.448,273.741,82.3536,510.169,307.04,37.9485
10432.0,0.0,320.725,-59.3754,570.858,379.086,-7.87224,418.863,451.868,37.7741,296.951,537.507,209.679,148.359,500.272,145.396,211.487,594.56,222.481,96.1509,498.12,273.154,81.89,510.286,305.357,36.4235
10433.0,0.0,320.908,-59.1501,570.655,379.368,-7.85934,419.051,452.287,37.696,296.781,538.563,209.519,148.212,501.137,145.486,211.571,595.089,222.182,94.694,498.919,272.361,80.9258,510.165,303.846,34.65025
10434.0,0.0,321.091,-59.0291,570.51,379.486,-7.87313,419.05,453.084,37.5804,296.87,539.712,209.394,148.554,501.648,145.501,211.02,595.54,222.116,94.0334,499.426,271.522,80.3521,510.298,302.437,32.877
10435.0,0.0,321.086,-58.8265,570.509,379.602,-7.98062,419.046,453.797,37.546,297.069,540.365,209.098,148.63,502.141,145.378,210.769,595.95,222.187,93.3358,500.036,270.756,79.5999,510.994,301.03,31.6646
10436.0,0.0,321.211,-58.6971,570.483,379.757,-7.96349,419.083,454.316,37.4908,296.933,541.059,208.979,148.668,502.746,145.168,211.51,596.549,222.722,93.4639,500.301,270.002,78.9216,511.654,300.016,30.7089
10437.0,0.0,321.326,-58.4929,570.424,379.934,-8.11429,419.169,454.694,37.4617,296.861,541.622,208.943,148.669,503.312,145.041,211.963,597.066,223.224,93.5312,500.724,269.559,78.3701,512.665,299.305,30.1028
10438.0,0.0,321.438,-58.2808,570.381,380.175,-7.98974,418.904,455.022,37.4369,296.907,541.943,208.87,148.604,503.768,144.947,212.024,597.601,223.704,93.4001,501.083,269.142,77.7561,513.812,298.661,29.9082
10439.0,0.0,321.606,-58.0391,570.38,380.372,-8.00519,418.924,455.238,37.547,296.866,542.207,208.811,148.525,504.111,144.811,211.777,597.956,223.887,93.9302,501.495,268.77,77.3014,515.191,298.209,29.4003
10440.0,0.0,321.725,-57.7657,570.286,380.513,-7.89101,418.892,455.329,37.4892,296.862,542.419,208.645,148.429,504.284,144.763,211.578,598.518,224.082,94.6882,502.144,268.706,76.7717,516.845,297.736,29.4176
10441.0,0.0,321.801,-57.594,570.169,380.592,-7.7755,418.738,455.347,37.4721,296.847,542.567,208.462,148.381,504.384,144.667,211.507,598.887,224.188,95.3714,502.714,268.683,76.5974,517.809,297.669,29.4464
10442.0,0.0,321.907,-57.3197,570.245,380.721,-7.66902,418.621,455.41,37.4732,296.799,542.568,208.263,148.439,504.442,144.631,211.394,599.249,224.573,96.1218,503.404,268.937,76.4774,519.998,298.187,29.2932
10443.0,0.0,322.104,-57.0427,570.097,380.721,-7.50304,418.602,455.389,37.5521,296.749,542.456,208.129,148.462,504.368,144.58,211.209,599.622,224.732,96.897,504.121,269.254,76.28,521.882,298.736,29.0223
10444.0,0.0,322.163,-56.7967,570.17,380.742,-7.41917,418.459,455.298,37.614,296.649,542.18,208.079,148.443,504.21,144.585,211.213,599.801,224.92,97.5767,504.606,269.529,76.2736,523.019,299.046,29.7463
10445.0,0.0,322.268,-56.6557,570.155,380.705,-7.24767,418.36,455.217,37.7671,296.531,541.864,208.048,148.508,503.979,144.624,210.989,599.909,225.074,98.4106,505.01,270.135,76.6234,524.724,300.112,30.1842
10446.0,0.0,322.277,-56.4722,570.21,380.572,-7.01967,418.215,455.067,37.8366,296.453,541.489,208.042,148.697,503.617,144.659,210.794,599.914,224.968,98.8129,505.492,270.702,77.0332,526.389,301.404,30.7674
10447.0,0.0,322.331,-56.287,570.057,380.486,-6.76481,418.096,454.935,37.9598,296.304,541.121,208.068,148.888,503.259,144.751,210.658,599.71,224.855,99.6455,505.993,271.308,77.2986,527.377,302.161,32.3877
10448.0,0.0,322.335,-56.0823,570.158,380.26,-6.56901,417.964,454.593,38.1797,295.615,540.727,208.031,148.978,502.736,144.868,210.358,599.753,224.829,100.77,506.586,271.869,78.1449,528.722,303.32,33.5638
10449.0,0.0,322.371,-55.7963,570.127,380.067,-6.40683,417.891,454.253,38.1568,295.255,540.422,207.962,149.11,502.461,144.93,209.871,599.688,224.68,101.476,507.405,272.783,79.0183,529.841,304.305,33.9493
10450.0,0.0,322.393,-55.5794,570.162,379.869,-6.2702,417.689,453.811,38.2338,295.404,540.154,207.896,149.236,502.088,145.255,210.055,599.625,224.441,101.981,507.803,273.44,79.4467,530.11,304.829,34.1975
10451.0,0.0,322.234,-55.4492,570.112,379.628,-6.00683,417.429,453.59,38.2431,295.946,539.782,207.872,149.398,501.883,145.284,210.226,599.708,224.185,102.962,507.752,273.811,79.7175,529.86,304.948,34.5259
10452.0,0.0,322.143,-55.3025,570.016,379.419,-5.94437,417.37,453.319,38.2927,295.985,539.552,207.953,149.443,501.668,145.138,210.288,599.581,223.964,103.416,507.521,274.071,79.7566,529.355,305.11,34.8277
10453.0,0.0,322.104,-55.1224,570.058,379.259,-5.89735,417.315,452.831,38.3598,295.822,539.41,208.04,149.295,501.389,145.175,210.418,599.374,223.913,103.848,507.301,274.16,79.936,528.867,305.516,35.3507
10454.0,0.0,321.876,-55.0312,569.908,379.032,-5.78231,417.361,452.425,38.454,295.599,539.001,208.06,149.315,501.104,145.234,210.505,599.208,223.741,104.215,506.858,274.439,80.1138,528.275,306.467,35.6387
10455.0,0.0,321.961,-54.7833,569.929,378.883,-5.72265,417.463,451.977,38.4517,295.458,538.419,208.207,149.286,500.702,145.292,210.52,598.624,223.525,104.402,506.479,274.718,80.6992,526.886,307.473,37.0635
10456.0,0.0,321.849,-54.6389,569.9,378.558,-5.66626,417.358,451.762,38.4765,295.369,537.854,208.175,149.268,499.944,145.438,210.155,598.167,223.289,105.105,506.254,275.212,81.1344,525.339,308.601,37.8971
10457.0,0.0,321.686,-54.6093,569.86,378.37,-5.48645,417.26,451.76,38.5116,295.198,537.06,208.084,149.541,499.56,145.377,209.832,597.561,223.04,105.635,505.876,275.744,81.5634,524.475,309.769,38.1518
10458.0,0.0,321.634,-54.516,569.837,378.222,-5.37507,417.272,451.358,38.6017,295.068,536.242,208.046,149.728,499.096,145.374,209.917,597.003,222.784,106.095,505.229,276.344,81.7823,523.241,310.865,38.6764
10459.0,0.0,321.567,-54.391,569.94,378.013,-5.32826,417.267,450.844,38.6536,294.833,535.457,207.941,149.714,498.503,145.556,209.526,596.533,222.503,106.533,504.696,277.001,82.148,521.829,312.065,39.3826
10460.0,0.0,321.465,-54.4322,569.991,377.724,-5.351,417.308,450.382,38.692,294.535,534.685,207.975,149.645,497.906,145.767,208.97,595.692,222.187,106.823,504.211,277.91,83.4025,521.059,313.51,40.5494
10461.0,0.0,321.349,-54.4417,570.047,377.42,-5.33887,417.328,449.888,38.7081,294.201,533.726,208.232,148.987,497.127,146.048,208.466,594.754,222.113,107.252,503.701,278.739,84.70455000000001,520.166,314.843,41.6239
10462.0,0.0,321.199,-54.4632,570.116,376.987,-5.39168,417.165,449.007,38.8047,294.235,532.506,208.518,149.098,496.289,146.437,208.293,593.666,222.116,107.851,503.147,279.521,86.0066,519.247,316.03,42.477
10463.0,0.0,321.049,-54.4023,570.106,376.444,-5.44664,416.954,448.265,38.8915,294.138,531.412,208.926,149.067,495.409,146.659,208.174,592.706,222.33,108.77,502.391,280.173,86.5858,517.877,317.31,43.8074
10464.0,0.0,320.85,-54.4168,570.185,375.835,-5.53076,416.816,447.636,39.0917,293.525,530.266,209.209,149.392,494.161,146.723,208.129,591.611,222.608,109.513,501.589,280.861,87.4171,516.668,318.674,44.9146
10465.0,0.0,320.719,-54.4179,570.275,375.361,-5.5292,416.656,447.248,39.2882,293.416,528.992,209.57,149.464,493.232,147.092,207.637,590.41,222.71,109.813,500.788,281.642,87.0145,515.681,319.925,45.0474
10466.0,0.0,320.447,-54.4568,570.428,374.872,-5.48602,416.617,446.436,39.3416,293.432,527.62,209.969,149.55,492.111,147.392,207.607,589.007,222.961,110.451,499.248,282.39,87.3512,514.063,320.915,45.7681
10467.0,0.0,320.338,-54.4477,570.483,374.353,-5.34033,416.486,445.884,39.1976,293.017,526.08,210.575,149.763,491.266,147.904,207.723,587.833,223.328,111.376,498.005,283.079,87.7621,512.843,322.26,46.7472
10468.0,0.0,320.164,-54.4515,570.575,373.93,-5.34475,416.383,445.192,39.3049,292.508,524.603,211.055,149.311,490.077,148.366,208.064,586.259,223.789,111.9,496.845,283.813,88.0816,511.575,323.727,47.6958
10469.0,0.0,320.0,-54.3695,570.645,373.594,-5.24079,416.333,443.969,39.5926,292.375,522.852,211.709,149.267,488.898,149.089,208.149,584.532,224.17,112.638,495.143,284.683,88.5082,510.303,325.078,48.5656
10470.0,0.0,319.84,-54.4334,570.831,373.144,-5.09287,416.116,442.896,39.9688,292.197,521.182,212.099,149.936,487.282,149.503,207.578,582.895,224.649,113.087,493.631,285.467,89.4066,508.53,326.091,50.0456
10471.0,0.0,319.628,-54.4677,570.932,372.418,-5.11054,416.095,442.373,40.314,292.194,519.413,212.797,149.85,485.685,149.673,207.477,581.118,225.176,113.466,492.193,286.461,90.3784,507.129,327.404,51.4042
10472.0,0.0,319.362,-54.5022,571.124,371.524,-5.19896,415.901,441.524,40.6562,292.037,517.135,213.162,149.325,484.285,150.362,207.323,579.118,225.817,113.784,491.045,288.0563333333333,92.18015,505.182,328.905,52.3225
10473.0,0.0,319.142,-54.4923,571.313,370.722,-5.27368,415.66,440.62,40.7869,291.839,515.328,213.798,149.499,482.643,150.874,207.002,577.42,226.248,113.869,489.549,289.6516666666667,93.9819,503.199,330.205,53.0032
10474.0,0.0,318.848,-54.4882,571.577,370.253,-4.99546,415.358,439.348,41.0229,291.759,513.645,214.33,150.497,480.831,151.534,206.905,575.326,226.819,114.327,487.806,291.247,95.78365,501.206,331.771,53.9859
10475.0,0.0,318.517,-54.5344,571.725,369.837,-4.69246,415.366,438.008,41.4192,291.722,511.431,214.969,150.054,479.042,151.902,206.889,573.458,227.509,114.684,485.392,291.875,97.5854,499.258,333.508,55.65193333333333
10476.0,0.0,318.178,-54.5718,571.892,369.371,-4.44349,415.526,437.149,41.6551,291.797,509.053,215.517,149.606,477.246,152.572,207.064,571.199,228.166,114.192,482.702,293.064,97.9648,496.665,335.281,57.31796666666667
10477.0,0.0,317.861,-54.6179,571.97,368.574,-4.24579,415.976,436.066,41.9019,291.548,506.976,216.252,149.882,475.36,153.188,206.782,568.774,228.96,114.01,480.085,294.243,99.0822,493.974,336.952,58.984
10478.0,0.0,317.58,-54.5692,572.277,367.489,-4.23926,416.148,434.425,42.1393,291.043,504.907,217.064,149.9,473.429,153.804,206.189,566.388,229.723,113.902,477.362,295.175,100.039,490.898,338.55,60.4908
10479.0,0.0,317.085,-54.7124,572.711,366.272,-4.09381,416.168,432.876,42.6853,290.27,502.466,217.653,150.053,471.405,154.324,207.025,563.862,230.506,113.461,474.353,296.197,99.9032,487.667,340.242,61.5415
10480.0,0.0,316.541,-54.6613,573.031,365.441,-3.95515,416.018,431.951,42.873,290.529,499.877,218.086,150.327,469.455,155.005,207.109,561.053,231.373,112.784,470.828,296.922,100.553,484.323,341.934,61.9612
10481.0,0.0,316.106,-54.6437,573.255,364.932,-3.62523,415.853,430.647,43.1475,290.648,497.538,218.82,149.841,467.222,155.427,206.422,558.494,232.278,112.716,467.819,298.194,100.937,480.945,343.712,63.6818
10482.0,0.0,315.505,-54.6218,573.705,364.339,-3.24943,416.076,428.931,43.5537,290.438,494.896,219.569,149.917,465.281,156.007,206.818,555.762,233.4,112.122,464.973,299.411,101.521,477.653,345.5095,65.4024
10483.0,0.0,314.944,-54.6385,574.012,363.346,-3.15348,416.54,427.757,44.1021,290.448,492.392,220.438,149.686,463.27,156.746,207.38,552.592,234.5165,111.463,461.547,300.302,102.473,474.278,347.307,66.5106
10484.0,0.0,314.516,-54.5139,574.527,362.155,-3.25447,416.296,425.975,44.692,289.908,489.434,221.307,149.852,460.794,157.445,206.79,549.298,235.633,110.538,457.771,301.407,103.205,469.911,348.889,67.6188
10485.0,0.0,313.978,-54.5226,574.691,361.132,-3.12366,415.924,424.555,44.7396,289.97,486.457,222.235,149.515,458.162,158.144,206.316,546.26,237.14049056603776,110.118,453.957,302.364,104.089,465.986,350.585,68.3082
10486.0,0.0,313.645,-54.3972,575.011,360.122,-2.91208,415.531,423.259,45.3827,290.101,483.662,223.163,149.227,455.909,159.00233333333333,206.21,543.013,238.64798113207547,109.379,450.332,303.847,105.3205,461.841,352.216,69.5513
10487.0,0.0,313.139,-54.2577,575.385,359.167,-2.37779,416.2,421.553,46.0031,289.711,480.19,224.091,148.792,453.279,159.86066666666667,206.101,539.519,240.1554716981132,108.741,446.92,305.33,106.552,457.434,353.549,70.0316
10488.0,0.0,312.518,-54.2298,575.589,358.303,-1.99649,416.498,419.758,46.3945,289.076,477.064,225.20735714285715,148.58,450.902,160.719,205.611,536.093,241.66296226415096,108.275,442.588,306.515,107.668,453.196,355.167,70.7992
10489.0,0.0,311.822,-54.1215,575.988,357.075,-1.68078,416.462,418.071,47.0967,289.018,473.761,226.3237142857143,147.989,448.622,161.79304166666665,206.471,532.356,243.17045283018868,107.382,438.668,307.736,109.028,448.734,356.579,71.2722
10490.0,0.0,311.031,-54.0024,576.161,355.753,-1.46584,416.618,416.185,47.8525,288.925,470.357,227.44007142857143,147.813,445.314,162.86708333333334,205.853,528.811,244.6779433962264,106.751,434.115,308.733,109.46,443.827,357.657,71.954
10491.0,0.0,310.305,-53.7643,576.54,354.906,-1.09775,416.735,414.576,48.6849,288.921,466.744,228.55642857142857,147.802,442.341,163.941125,205.053,524.8,246.1854339622641,106.229,430.149,309.84,109.379,438.697,358.697,72.0181
10492.0,0.0,309.503,-53.7429,576.907,353.937,-0.495076,416.655,412.632,49.3695,288.744,463.083,229.6727857142857,147.684,439.661,165.01516666666666,205.368,520.99,247.6929245283019,105.684,425.707,310.883,109.979,434.293,360.163,72.6421
10493.0,0.0,308.825,-53.5785,577.071,352.281,-0.089975,416.494,410.509,50.0537,288.113,459.265,230.78914285714285,147.307,436.174,166.08920833333332,204.491,516.92,249.20041509433963,105.238,421.571,312.056,109.728,429.002,361.262,72.5173
10494.0,0.0,308.229,-53.3479,577.505,350.722,0.35989,415.862,408.726,50.8926,287.862,455.073,231.9055,146.759,433.06,167.16325,204.546,512.711,250.70790566037732,104.737,416.753,312.787,109.493,424.061,362.294,72.8533
10495.0,0.0,307.404,-53.0559,577.93,349.547,0.857257,416.56,406.4,51.9309,288.009,451.476,233.0218571428572,146.553,429.778,168.23729166666666,204.273,508.488,252.2153962264151,104.295,412.049,313.795,109.931,418.83,363.296,72.4739
10496.0,0.0,306.619,-52.7194,578.434,348.491,1.67416,417.274,404.235,53.0848,287.006,447.064,234.1382142857143,146.001,426.254,169.31133333333332,204.299,504.169,253.72288679245284,103.935,407.276,314.755,109.78,413.154,364.137,71.7133
10497.0,0.0,305.673,-52.4094,578.801,347.303,2.48984,417.086,401.437,53.9775,287.028,443.023,235.25457142857144,145.447,422.631,170.385375,203.701,499.629,255.23037735849056,103.507,402.104,315.537,109.514,408.141,365.216,70.5854
10498.0,0.0,304.679,-52.1279,579.132,345.372,2.92233,416.49,399.799,55.0551,287.223,438.308,236.37092857142855,145.273,419.175,171.45941666666667,203.85,494.921,256.7378679245283,103.092,397.271,316.524,109.491,401.919,365.524,70.1247
10499.0,0.0,303.923,-51.9571,579.395,343.811,3.59587,416.385,397.074,56.1867,287.325,434.019,237.4872857142857,144.931,415.398,172.53345833333333,203.309,490.15,258.24535849056605,102.589,392.057,317.327,108.725,395.589,365.771,69.1794
10500.0,0.0,303.21,-51.5435,579.789,342.434,4.53668,416.595,395.006,57.2462,287.005,429.604,238.6036428571429,144.924,411.607,173.60750000000002,203.016,485.362,259.7528490566038,102.274,386.682,317.946,108.063,389.822,366.318,68.4263
10501.0,0.0,302.256,-51.0724,580.015,340.803,5.18683,417.522,392.255,58.1167,286.93,424.925,239.72,144.615,407.614,174.68154166666667,202.216,480.475,261.2603396226415,101.907,381.38,318.725,107.864,383.869,367.391,66.7488
10502.0,0.0,301.08,-50.5627,580.324,339.105,5.70573,417.008,389.51,59.2565,286.265,420.328,240.7984,144.217,403.897,175.75558333333333,202.323,475.521,262.7678301886792,101.607,375.901,319.592,107.946,377.992,368.306,66.1795
10503.0,0.0,300.024,-50.0633,580.613,337.015,6.536,416.416,387.116,60.4346,285.6,415.249,241.8768,143.733,399.545,176.829625,201.519,470.284,264.275320754717,101.482,370.296,320.32,107.663,372.43,369.113,66.5554
10504.0,0.0,299.018,-49.6748,580.978,335.747,7.58151,416.369,384.791,61.4136,286.03,410.087,242.9552,142.97,395.624,177.90366666666668,201.551,465.251,265.7828113207547,101.275,364.441,320.906,107.105,366.547,369.727,66.1179
10505.0,0.0,298.082,-49.07,581.326,334.357,8.50671,417.238,381.909,62.3142,285.022,405.319,244.0336,143.287,391.486,178.97770833333334,200.93,459.995,267.29030188679246,100.803,358.566,321.35,107.404,360.734,370.575,65.9925
10506.0,0.0,296.883,-48.3365,581.651,332.348,9.25805,417.354,379.149,63.2942,285.115,400.153,245.112,142.992,387.383,180.05175,200.594,454.748,268.7977924528302,100.518,352.73,322.203,107.259,354.785,371.318,65.9117
10507.0,0.0,295.856,-47.6393,582.235,330.139,9.86913,416.704,376.369,64.4758,284.739,395.408,246.2867777777778,142.777,383.183,181.12579166666663,200.387,449.54,270.3052830188679,100.048,346.966,322.961,106.803,348.773,372.178,65.853
10508.0,0.0,294.815,-47.2344,582.359,328.241,10.5786,416.415,373.714,65.4842,284.35,390.041,247.46155555555555,142.332,378.525,182.19983333333332,199.197,443.999,271.81277358490564,99.8259,340.942,323.663,106.148,342.783,373.124,65.713
10509.0,0.0,293.801,-46.6596,582.382,326.757,11.6585,417.147,370.784,66.427,284.456,384.877,248.6363333333333,141.997,374.574,183.273875,199.199,438.185,273.3202641509434,98.8144,334.36,323.964,105.728,336.524,374.145,65.1915
10510.0,0.0,292.733,-46.0952,582.987,324.94,12.7384,417.553,367.553,67.6058,283.809,379.85,249.8111111111111,140.934,370.209,184.34791666666663,200.0,432.744,274.82775471698113,98.6781,328.235,324.845,106.315,330.524,374.971,64.7779
10511.0,0.0,291.323,-45.5001,583.255,322.935,13.6229,417.552,364.363,68.7846,283.619,374.332,250.9858888888889,140.632,365.418,185.42195833333332,198.669,427.142,276.3352452830189,98.3706,322.629,325.391,105.889,323.859,375.505,65.2764
10512.0,0.0,290.194,-44.961,583.619,321.339,14.5834,417.244,361.439,69.9737,283.103,368.598,252.16066666666663,140.59,360.921,186.496,198.1,421.284,277.84273584905657,97.6845,316.212,326.017,106.326,317.363,376.375,65.5977
10513.0,0.0,289.102,-44.3529,584.188,318.639,15.3122,417.304,358.441,71.1628,282.864,363.359,253.3354444444444,140.607,356.079,187.6966666666667,198.154,415.166,279.3502264150943,96.8233,309.946,326.655,106.186,310.965,377.201,65.4022
10514.0,0.0,287.921,-43.8503,584.492,317.183,16.4352,417.413,355.486,72.3519,282.895,357.947,254.5102222222222,140.366,351.74,188.8973333333333,198.403,409.13,280.85771698113206,96.1001,302.533,327.08,106.189,303.961,377.939,65.4859
10515.0,0.0,286.616,-43.2485,584.654,314.636,17.0716,417.924,352.085,73.4235,282.831,352.268,255.685,139.894,347.106,190.098,198.258,402.936,282.3652075471698,95.7259,295.48,327.581,106.536,296.47400000000005,378.437,65.7527
10516.0,0.0,285.367,-42.3181,585.093,312.409,17.7359,417.45,348.997,74.62553333333334,282.601,346.235,256.85977777777777,139.248,341.975,191.29866666666663,197.798,397.216,283.87269811320755,95.556,289.484,328.353,106.536,288.987,378.964,65.8678
10517.0,0.0,284.301,-41.59,585.223,310.09,18.9414,417.861,345.902,75.82756666666667,282.134,340.556,258.0345555555555,139.244,337.086,192.4993333333333,197.328,391.159,285.3801886792453,95.482,283.104,329.084,106.777,281.265,379.305,65.6918
10518.0,0.0,282.884,-40.9512,585.195,308.219,19.9685,417.612,342.51,77.0296,281.97,334.956,259.20933333333335,139.229,332.482,193.7,197.764,384.904,286.887679245283,94.5819,276.624,329.797,107.386,273.588,379.609,64.6305
10519.0,0.0,281.304,-40.2271,585.133,305.692,20.8563,417.539,339.227,78.32653333333333,282.174,329.255,260.3841111111111,139.136,327.663,194.90066666666667,197.429,378.66,288.3951698113207,94.135,270.849,330.573,107.33,265.943,379.767,64.9349
10520.0,0.0,280.088,-39.4615,585.976,303.49,21.5199,418.129,335.655,79.62346666666667,281.352,323.029,261.5588888888889,138.932,322.711,196.10133333333332,197.36,372.056,289.9026603773585,93.8517,264.41,331.18,108.18,258.986,380.679,64.7934
10521.0,0.0,278.449,-38.8576,585.905,301.11,22.6317,418.088,332.376,80.9204,281.827,317.173,262.73366666666664,138.793,317.362,197.302,197.371,365.349,291.4101509433962,93.1507,257.51,331.756,107.323,251.703,381.224,64.7212
10522.0,0.0,277.004,-37.8769,586.009,298.94,23.6674,417.576,328.82,82.40953684210527,281.828,311.502,263.9084444444444,138.716,312.718,198.50266666666667,197.056,359.044,292.917641509434,93.183,250.394,332.29,106.91,243.985,381.494,64.9903
10523.0,0.0,275.767,-37.0401,586.658,296.056,24.6834,418.707,325.488,83.89867368421052,281.598,305.425,265.0832222222222,139.017,307.645,199.70333333333332,196.682,352.692,294.42513207547165,93.0561,243.464,332.52,106.55,236.54,381.995,64.905
10524.0,0.0,273.998,-36.1782,586.977,293.901,25.8262,418.295,321.832,85.38781052631579,281.297,298.732,266.258,139.24,302.098,200.904,196.024,346.201,295.9326226415094,92.9304,236.201,332.76,106.074,228.892,382.448,64.9024
10525.0,0.0,272.491,-35.1608,587.0,291.248,27.1663,418.668,318.317,86.87694736842106,281.358,292.634,267.3522727272727,139.15,297.03,202.10466666666667,196.595,339.496,297.44011320754714,92.9472,229.237,333.288,105.714,221.249,382.793,65.3727
10526.0,0.0,271.065,-34.3775,587.23,288.745,28.2251,418.815,314.493,88.36608421052631,281.205,286.603,268.44654545454546,139.075,291.92,203.30533333333332,197.112,332.787,298.9476037735849,91.6712,221.868,333.479,105.92,213.537,382.863,65.7729
10527.0,0.0,269.313,-33.3199,587.548,285.696,28.9577,418.591,310.836,89.85522105263158,281.455,280.634,269.54081818181817,139.12,286.333,204.506,196.921,325.856,300.45509433962263,91.174,214.763,333.713,105.968,205.845,383.116,66.1065
10528.0,0.0,267.803,-32.4867,588.217,283.382,30.3368,419.094,307.138,91.34435789473685,281.545,274.465,270.6350909090909,139.14,280.806,205.70666666666668,196.249,319.366,301.9625849056604,91.3453,207.5725,333.873,105.981,198.061,383.097,65.1271
10529.0,0.0,266.178,-31.6409,588.111,280.659,31.7159,418.788,303.26,92.83349473684213,281.534,268.104,271.72936363636364,139.431,275.663,206.90733333333333,196.512,312.587,303.4700754716981,91.1264,200.382,334.291,106.34,190.277,382.769,64.8336
10530.0,0.0,264.432,-30.477,588.606,277.936,32.86325,419.264,299.36,94.32263157894737,281.032,261.501,272.82363636363635,139.633,270.105,208.108,197.203,305.359,304.9775660377358,90.8828,193.197,334.484,106.327,182.256,383.181,64.7195
10531.0,0.0,262.782,-29.448,588.923,274.906,34.0106,419.443,295.617,95.81176842105263,281.87,255.255,273.9179090909091,139.485,265.567,209.30866666666668,198.2785,298.436,306.4850566037736,90.8904,185.8,334.683,107.001,174.235,383.069,65.5669
10532.0,0.0,261.132,-28.5317,589.067,272.452,35.4115,420.021,291.506,97.30090526315789,281.522,248.768,275.01218181818183,139.738,260.186,210.50933333333333,199.354,291.88,307.9925471698113,90.9584,179.096,335.143,107.299,167.026,383.344,66.0122
10533.0,0.0,259.391,-27.4172,589.639,269.2755,36.8124,420.219,287.682,98.79004210526315,281.749,242.28,276.10645454545454,140.315,253.461,211.71,198.1265,284.939,309.50003773584905,90.9656,172.155,335.509,107.367,159.216,383.5,66.4413
10534.0,0.0,257.634,-26.4724,589.937,266.099,37.9184,420.731,283.628,100.27917894736842,281.903,236.196,277.2007272727273,140.63,247.51,212.198,196.899,277.624,311.00752830188674,91.044,164.955,335.732,107.495,151.406,383.533,66.9516
10535.0,0.0,255.67,-25.5794,590.241,263.193,39.1373,420.418,279.343,101.76831578947368,281.817,229.708,278.295,140.983,242.177,213.1482857142857,197.906,270.89,312.5150188679245,91.1754,157.559,335.724,108.708,143.596,383.462,67.4832
10536.0,0.0,254.034,-24.4986,590.601,260.58,40.3981,421.324,275.177,103.25745263157894,282.38,223.245,279.03200000000004,141.064,237.228,214.09857142857143,199.083,263.847,314.0225094339622,91.2762,150.421,335.797,109.146,135.786,383.359,67.7045
10537.0,0.0,252.412,-23.1976,591.18,257.5835,41.4072,421.399,271.095,104.7465894736842,282.467,216.262,279.769,141.407,231.076,215.04885714285717,199.119,256.767,315.53,90.7777,143.081,335.867,110.053,127.976,383.493,68.6477
10538.0,0.0,250.441,-22.2571,591.296,254.587,42.8076,422.068,267.104,106.23572631578948,283.061,209.851,280.539,141.848,225.242,215.99914285714289,198.568,249.526,316.588,90.3169,136.085,335.958,110.439,120.474,383.461,69.0273
10539.0,0.0,248.243,-21.2628,591.646,251.228,43.9208,422.015,262.679,107.72486315789472,282.876,203.13,281.186,141.951,219.426,216.94942857142857,198.709,242.233,317.646,90.5788,128.813,335.833,111.455,112.61572857142858,383.225,69.7194
10540.0,0.0,246.511,-20.0221,592.243,247.869,44.9394,422.356,258.005,109.214,282.165,196.601,281.782,142.502,213.953,217.89971428571428,199.247,235.378,318.61,90.6729,121.541,335.825,112.075,104.75745714285716,382.955,70.459
10541.0,0.0,244.421,-18.9102,592.526,244.8205,46.2067,422.183,253.924,110.668,282.85,189.832,282.153,142.73,207.897,218.85,200.094,228.052,319.549,90.6834,114.387,335.897,113.408,96.89918571428572,382.935,71.5017
10542.0,0.0,242.411,-17.8478,592.812,241.772,47.3617,423.108,249.616,112.122,282.405,183.268,282.901,142.54,202.118,219.66425,200.706,220.688,320.323,90.7144,107.757,335.769,114.525,89.04091428571428,382.884,71.7289
10543.0,0.0,240.635,-16.5051,593.339,238.482,48.411,423.471,245.442,113.576,283.357,176.547,283.472,142.822,196.505,220.4785,200.37,213.668,321.054,91.1903,100.267875,335.652,114.48,81.18264285714287,382.487,72.4884
10544.0,0.0,238.655,-15.3554,593.491,235.192,49.6047,423.285,240.707,114.781,282.793,169.711,283.85,142.406,190.606,221.29275,200.539,206.366,321.784,91.204,92.77875,335.449,114.96,73.32437142857142,382.039,73.5396
10545.0,0.0,236.611,-14.337,593.613,231.71866666666668,50.7219,423.73,236.307,115.986,282.998,162.754,284.074,143.09,184.664,222.107,200.937,199.166,322.576,91.1475,85.289625,335.238,115.835,65.4661,382.004,74.0901
10546.0,0.0,234.521,-13.1103,594.042,228.2453333333333,51.6018,423.882,232.096,117.191,283.49,156.077,284.566,143.284,178.508,222.815,201.324,191.7475,323.134,90.9036,77.8005,335.044,116.693,57.7836,381.65,75.2168
10547.0,0.0,232.684,-11.8854,594.063,224.772,52.9913,424.17,227.215,118.331,283.285,149.169,284.907,144.074,172.727,223.308,201.159,184.329,323.527,91.2314,70.8923,335.038,116.848,49.75475,380.526,75.5136
10548.0,0.0,230.431,-10.6423,594.388,221.753,54.3808,424.422,222.945,119.483,283.291,142.421,285.331,144.299,166.645,223.783,201.98,177.254,324.31,91.0604,63.44645,334.708,117.651,41.7259,380.121,76.0907
10549.0,0.0,228.416,-9.25723,594.904,218.39425,55.4986,424.349,218.568,120.635,283.973,135.807,285.654,144.048,160.702,224.404,202.314,169.721,324.548,90.8541,56.0006,334.134,118.101,34.0567,379.686,77.0697
10550.0,0.0,226.222,-8.06306,594.999,215.0355,56.523,424.892,213.695,121.787,283.266,128.886,285.901,144.688,154.527,225.025,202.822,162.188,324.944,91.4691,48.64955,333.484,119.03,26.08783333333333,378.9,77.3462
10551.0,0.0,224.023,-7.03991,594.912,211.67675,57.4748,424.283,209.073,122.969,283.558,122.199,286.14,145.343,148.721,225.358,203.006,154.87099999999998,325.109,91.3858,41.2985,333.348,119.959,18.118966666666665,378.281,78.0875
10552.0,0.0,221.855,-5.70013,595.175,208.318,58.7666,424.861,204.388,123.782,283.631,115.461,286.403,145.569,142.539,225.967,203.089,147.554,325.697,91.5208,33.8875,332.915,120.527,10.1501,377.503,78.5076
10553.0,0.0,219.935,-4.23582,595.473,204.79444444444445,60.0584,425.289,200.082,124.938,283.765,108.628,286.484,146.427,136.645,226.293,203.215,140.1625,325.754,91.8224,26.6298,332.408,121.059,2.23444,376.595,79.4224
10554.0,0.0,217.6445,-3.15436,595.156,201.2708888888889,61.2954,425.553,195.58,126.094,284.275,101.703,286.712,146.755,130.064,226.7,204.051,132.771,326.12,92.2107,19.08065,331.459,121.895,-5.68122,375.674,79.4059
10555.0,0.0,215.354,-1.73519,595.44,197.74733333333333,62.1715,425.71,190.901,127.227,284.723,94.6552,286.641,147.142,124.113,227.168,203.745,125.30134,326.442,91.7881,11.5315,330.828,122.033,-13.70721,374.331,80.1377
10556.0,0.0,212.975,-0.528717,595.767,194.22377777777777,63.3458,425.3,186.12,128.508,283.855,87.7017,286.558,147.45,118.101,227.48,203.752,117.83168,326.709,91.9606,4.2516,329.939,122.126,-21.7332,373.4,80.351
10557.0,0.0,210.954,0.936069,595.394,190.70022222222224,64.2265,425.572,181.603,129.789,284.541,80.9126,286.605,147.436,112.202,227.648,204.164,110.36202,327.018,92.0219,-3.1743500000000004,328.928,122.721,-29.69045,372.028,81.4368
10558.0,0.0,208.628,2.24933,595.75,187.17666666666668,65.4027,425.346,177.806,131.07,285.493,73.975,286.598,147.903,105.875,228.108,205.205,102.89236,326.938,91.9225,-10.6003,328.012,123.204,-37.6477,370.68,81.8564
10559.0,0.0,206.435,3.5927,595.656,183.65311111111112,66.3759,425.701,172.872,132.351,284.664,67.2848,286.588,148.017,99.8695,228.562,205.048,95.4227,327.561,92.2258,-17.9786,326.954,123.945,-45.50144,369.38,82.4651
10560.0,0.0,204.06,4.97024,595.824,180.12955555555556,67.3247,425.386,168.085,133.356,284.753,60.5689,286.594,148.042,94.0194,228.694,204.811,88.07895,327.588,92.8166,-25.49075,325.598,124.184,-53.35518,368.068,82.618
10561.0,0.0,201.821,6.32056,595.645,176.606,68.3599,425.609,163.38551666666666,134.3033888888889,284.8086666666667,53.6321,286.313,148.555,87.8094,228.838,205.088,80.7352,327.844,93.0438,-33.0029,324.386,124.608,-61.20892,366.834,83.2625
10562.0,0.0,199.655,7.83003,595.502,172.9759304347826,69.2729,425.603,158.68603333333334,135.25077777777778,284.8643333333333,46.9651,285.982,148.6,81.797,229.048,205.853,73.2773,327.765,93.16,-40.196,323.307,125.51,-69.06266,365.107,84.1697
10563.0,0.0,197.199,9.36997,595.963,169.3458608695652,70.4792,425.871,153.98655,136.19816666666665,284.92,40.1179,285.724,148.724,75.6219,229.163,206.178,65.8194,328.108,92.6468,-47.214,321.9585,125.221,-76.9164,363.967,84.5782
10564.0,0.0,194.862,10.5749,595.404,165.71579130434782,71.552,426.256,149.28706666666668,137.14555555555555,284.97566666666665,33.1785,285.314,149.145,69.9137,229.144,206.227,58.4586,328.049,93.0356,-54.5619,320.61,126.192,-84.60125,362.424,85.8998
10565.0,0.0,192.544,11.9817,595.222,162.08572173913043,72.6641,425.499,144.58758333333333,138.09294444444444,285.0313333333333,26.3284,284.87,149.33,63.9426,229.216,206.387,51.0978,328.051,92.9383,-61.9098,319.374,126.864,-92.2861,361.261,86.325
10566.0,0.0,190.226,13.4991,595.147,158.45565217391305,73.8279,425.87,139.8881,139.04033333333334,285.087,19.5428,284.532,149.713,57.586,229.144,207.377,43.6551,327.744,93.6963,-68.8133,317.9516666666667,127.349,-100.061,359.692,87.1592
10567.0,0.0,187.75566666666663,15.0336,595.041,154.82558260869564,74.7575,425.783,135.18861666666666,139.9877222222222,285.1426666666666,12.7665,284.17,150.276,51.6807,229.271,207.209,36.5279,327.665,93.8758,-76.03275,316.52933333333334,128.187,-107.646,358.272,87.3963
10568.0,0.0,185.2853333333333,16.3977,594.723,151.19551304347826,75.855,425.958,130.48913333333334,140.9351111111111,285.1983333333333,6.35792,283.799,150.38,45.597,229.353,206.967,29.1997,327.35,93.5889,-83.2522,315.107,128.919,-114.994,356.928,88.354
10569.0,0.0,182.815,17.8194,594.613,147.56544347826087,76.862,425.776,125.78965,141.8825,285.254,-0.282489,283.237,150.51,39.8195,229.231,207.008,21.8715,327.221,93.6313,-89.8462,313.762,129.193,-122.3725,355.31,89.3522
10570.0,0.0,180.536,19.2282,594.589,143.93537391304346,78.2287,426.181,121.09016666666668,142.8298888888889,285.30966666666666,-6.95367,282.554,150.703,33.9946,228.995,207.29,14.6776,327.033,93.6199,-97.137,312.231,130.051,-129.751,353.871,90.3504
10571.0,0.0,178.257,20.7962,594.504,140.30530434782608,79.2184,425.893,116.39068333333331,143.77727777777778,285.3653333333333,-13.323,282.058,150.613,27.7751,228.791,207.756,6.876566666666666,326.24,93.3979,-103.979,310.7,130.96,-137.001,352.093,91.7137
10572.0,0.0,175.696,22.3642,594.104,136.6752347826087,80.4033,426.385,111.6912,144.72466666666665,285.421,-19.8761,281.522,151.087,21.9444,228.532,208.142,-0.9244666666666674,325.675,92.57835,-110.396,309.169,131.382,-144.3225,350.333,93.0149
10573.0,0.0,173.13500000000002,23.8431,594.063,133.0451652173913,81.1262,426.502,106.99171666666666,145.67205555555554,285.4766666666667,-26.5507,280.897,151.443,16.1346,228.345,208.253,-8.7255,324.804,91.7588,-117.211,307.55614285714285,132.048,-151.644,348.635,93.3042
10574.0,0.0,170.574,25.45145,594.039,129.4150956521739,82.3324,426.442,102.29223333333331,146.61944444444444,285.5323333333333,-32.6955,280.235,151.327,10.3061,228.128,208.206,-15.9254,324.704,91.4337,-123.718,305.9432857142857,132.436,-159.395,346.717,94.2073
10575.0,0.0,167.9525,27.0598,593.604,125.78502608695652,82.9605,426.208,97.59275,147.56683333333334,285.588,-39.0654,279.507,151.204,4.62716,227.814,208.212,-22.6605,324.263,91.684,-129.959,304.33042857142857,132.791,-166.708,344.799,94.6923
10576.0,0.0,165.331,28.5614,593.205,122.15495652173914,84.2935,426.63,92.89326666666666,148.5142222222222,285.64366666666666,-45.3254,278.731,151.433,-0.817388,227.566,208.426,-29.1294,323.834,92.8069,-136.974,302.71757142857143,133.401,-173.6,342.88100000000003,95.5967
10577.0,0.0,162.84066666666666,30.0276,592.917,118.52488695652174,85.176,426.527,88.19378333333333,149.4616111111111,285.69933333333336,-51.5183,278.162,151.759,-6.43279,227.206,209.138,-35.3237,323.314,93.9298,-143.67,301.1047142857143,134.099,-180.61,340.963,95.9314
10578.0,0.0,160.35033333333334,31.5729,592.948,114.89481739130434,86.3631,427.357,83.4943,150.409,285.755,-57.6997,277.581,152.32,-12.1658,226.841,209.779,-42.2852,322.852,93.7417,-150.229,299.4918571428572,134.451,-187.28,339.045,96.3513
10579.0,0.0,157.86,33.1008,592.575,111.26474782608696,87.1115,427.158,79.6901,151.321,286.634,-63.7134,276.742,152.515,-17.5507,226.35,210.094,-48.9589,322.168,94.0136,-156.029,297.879,134.259,-194.259,336.97950000000003,97.0902
10580.0,0.0,155.18900000000002,34.6287,591.923,107.63467826086956,88.2055,427.655,75.4193,151.983,287.332,-69.6542,275.907,152.144,-23.0348,225.909,210.134,-55.6847,321.617,94.1797,-161.957,296.1788181818182,134.173,-200.973,334.914,97.4214
10581.0,0.0,152.518,36.1862,591.974,104.00460869565218,88.7257,427.197,71.1081,152.549,287.386,-75.65,275.196,151.93,-28.8365,225.53,210.177,-62.5208,320.802,93.7367,-168.459,294.4786363636364,134.636,-207.511,332.8485,98.2878
10582.0,0.0,150.09,37.8046,591.864,100.37453913043478,90.0298,427.364,66.2972,153.113,286.888,-81.6161,274.42,152.452,-34.251,225.042,210.813,-68.9554,319.8,94.1162,-174.899,292.77845454545457,135.192,-213.999,330.783,98.0458
10583.0,0.0,147.471,39.2327,591.25,96.7444695652174,90.6844,427.06,61.5349,153.581,286.816,-87.5424,273.588,152.717,-39.3679,224.692,211.232,-75.3893,319.247,94.8679,-180.851,291.07827272727275,135.34,-220.745,328.7175,98.3269
10584.0,0.0,144.852,40.6495,590.914,93.1144,92.0573,426.862,57.622,154.173,287.375,-93.696,272.631,153.113,-44.4349,224.176,211.416,-81.9386,318.294,95.2839,-186.611,289.37809090909093,135.139,-227.218,326.652,98.6718
10585.0,0.0,142.233,42.1819,590.759,89.71735000000001,92.7559,426.179,52.9004,154.845,287.136,-99.5524,271.674,153.474,-49.4958,223.744,212.037,-87.859,318.055,94.2615,-192.831,287.6779090909091,135.582,-233.348,324.5865,98.8408
10586.0,0.0,139.81,43.77415,590.666,86.3203,93.8845,426.546,49.3656,155.512,288.314,-105.223,270.908,153.65,-54.9709,223.224,211.996,-94.8185,317.501,93.1069,-198.987,285.9777272727273,135.752,-239.648,322.521,99.1648
10587.0,0.0,137.417,45.3664,590.321,82.92325,94.4222,426.29,44.6617,156.189,288.446,-110.834,270.274,154.134,-60.2858,222.884,211.812,-101.42,316.641,91.9523,-204.866,284.2775454545455,135.984,-245.91,320.4555,99.72
10588.0,0.0,134.8395,46.5246,589.534,79.5262,95.4371,426.167,39.9824,156.823,287.289,-116.165,269.3235,154.269,-65.0714,222.429,211.675,-106.639,315.522,93.24865,-210.543,282.57736363636366,135.949,-251.561,318.39,99.6411
10589.0,0.0,132.262,48.1306,589.465,76.18132857142858,96.3779,426.047,35.618,157.185,287.488,-121.397,268.373,154.311,-70.2469,221.794,212.649,-111.712,315.054,94.545,-215.95,280.87718181818184,135.777,-257.501,316.3554,99.9683
10590.0,0.0,129.7285,49.6922,589.394,72.83645714285714,97.229,426.499,31.4577,157.834,287.419,-126.793,267.623,154.69,-75.1974,221.225,213.522,-117.183,314.608,95.84135,-221.11,279.177,135.536,-263.307,314.3208,100.427
10591.0,0.0,127.195,51.2129,589.024,69.49158571428572,98.356,426.178,27.1197,158.408,287.521,-132.137,266.771,154.81,-80.2604,220.869,212.849,-122.821,313.935,97.1377,-226.126,277.5637142857143,136.008,-268.988,312.2862,100.369
10592.0,0.0,124.833,52.7368,588.518,66.14671428571428,98.7512,425.898,22.9297,158.777,287.835,-137.339,265.904,154.285,-84.8342,220.398,212.562,-128.599,313.274,96.6307,-231.159,275.9504285714286,135.919,-274.437,310.2516,100.357
10593.0,0.0,122.4525,54.1651,588.153,62.80184285714286,99.7926,425.775,18.6332,159.24,287.268,-142.361,264.9975,154.152,-89.2994,219.873,212.64,-134.222,312.404,96.7573,-236.273,274.33714285714285,136.057,-279.657,308.217,100.354
10594.0,0.0,120.072,55.7781,588.4,59.45697142857143,100.444,426.067,14.5449,159.731,287.977,-147.858,264.091,154.399,-93.9679,219.189,213.705,-139.567,311.632,96.624,-241.633,272.7238571428572,136.529,-285.011,306.32,100.224
10595.0,0.0,117.49833333333332,57.0585,588.013,56.1121,101.314,425.699,10.1824,160.147,287.852,-152.81,263.404,154.147,-98.7128,218.689,213.34,-144.886,310.907,96.3617,-246.913,271.11057142857146,137.182,-290.432,304.423,100.437
10596.0,0.0,114.92466666666668,58.3935,587.314,52.9578,102.096,425.182,6.11011,160.538,287.762,-157.37,262.528,154.43,-103.316,218.257,213.143,-150.047,310.286,96.6334,-251.998,269.49728571428574,136.968,-295.636,302.526,100.353
10597.0,0.0,112.351,60.014,587.092,49.8035,102.977,425.559,2.18373,160.844,288.358,-161.825,261.652,154.486,-107.859,217.532,214.213,-154.964,309.745,97.2334,-256.628,267.884,136.564,-301.291,300.629,100.664
10598.0,0.0,109.958,61.461,586.697,46.6492,103.827,425.45,-1.77192,161.399,287.778,-166.535,260.887,154.376,-112.366,216.995,214.709,-159.819,309.156,97.2263,-261.329,266.49600000000004,136.187,-306.309,298.9245,100.687
10599.0,0.0,107.565,63.0209,586.79,43.4949,104.658,424.945,-5.40282,161.758,288.189,-171.662,260.059,154.49,-117.003,216.353,214.264,-165.321,308.058,96.8924,-266.12,265.108,135.634,-310.817,297.22,99.9698
10600.0,0.0,105.07233333333332,64.3961,586.234,40.292550000000006,105.33,424.804,-9.56158,162.116,288.14,-176.599,259.28,154.433,-120.787,215.848,214.314,-170.431,307.072,97.0627,-271.383,263.72,135.807,-315.814,295.406,99.9898
10601.0,0.0,102.57966666666668,65.714,585.383,37.0902,106.244,424.96,-13.0537,162.609,288.055,-181.2,258.5675,154.481,-124.878,215.242,215.01,-174.979,306.385,97.3724,-275.718,262.332,135.556,-321.088,293.7255,100.245
10602.0,0.0,100.087,67.17015,585.117,34.2506,106.759,424.279,-16.9177,163.029,288.556,-185.316,257.855,154.954,-129.017,214.923,214.667,-179.549,305.858,96.3093,-279.89,260.944,134.846,-325.506,292.045,99.7364
10603.0,0.0,97.67045,68.6263,584.933,31.20683333333333,107.526,424.534,-20.6666,163.554,288.576,-189.477,257.505,154.568,-133.504,214.329,214.711,-184.62,305.21,96.999175,-284.538,259.67033333333336,134.98,-329.923,290.548,99.2302
10604.0,0.0,95.2539,70.2215,584.686,28.163066666666666,108.355,424.167,-24.5002,163.684,288.871,-193.88,256.854,154.02,-137.299,213.774,215.044,-188.167,305.166,97.68905,-289.37,258.39666666666665,135.56,-334.044,289.298,98.253
10605.0,0.0,93.0132,71.7244,584.227,25.1193,109.125,424.117,-28.2966,164.156,288.928,-198.788,255.913,153.884,-141.261,213.576,214.856,-191.464,305.191,98.378925,-293.057,257.123,135.292,-339.139,287.673,98.4761
10606.0,0.0,90.4295,72.8484,583.423,22.26435,110.056,423.512,-31.5767,164.602,288.453,-202.987,254.972,153.786,-145.237,213.033,214.856,-195.671,304.595,99.0688,-296.837,256.239,134.26,-343.704,286.1,98.7282
10607.0,0.0,87.8458,74.0901,582.699,19.4094,110.695,423.709,-35.3345,164.98,288.246,-206.556,254.624,153.63,-149.153,212.436,214.994,-200.589,303.586,98.31688,-301.174,254.972,133.751,-347.463,285.251,97.7199
10608.0,0.0,85.483,75.5757,582.401,16.4063,111.329,422.758,-39.3069,165.274,288.666,-210.183,254.242,152.891,-152.991,212.052,214.665,-205.762,302.577,97.56496,-305.526,254.029,133.608,-351.659,283.844,97.1659
10609.0,0.0,83.366,77.0581,582.09,13.4032,112.134,422.724,-42.6864,165.698,288.945,-214.707,253.533,152.667,-156.594,211.669,214.847,-210.921,301.568,96.81304,-309.483,253.129,133.014,-356.177,282.545,97.5555
10610.0,0.0,81.0277,78.614,581.845,10.63389,112.574,422.226,-45.9126,166.175,288.399,-218.792,252.982,152.039,-160.301,211.296,214.554,-213.429,301.763,96.06112,-312.85,252.187,132.735,-359.851,281.716,97.2612
10611.0,0.0,78.4733,79.6043,581.128,7.86458,113.686,422.023,-49.3959,166.276,288.561,-222.224,252.655,151.687,-164.17,210.914,214.805,-216.045,301.477,95.3092,-316.673,251.199,132.633,-363.33,280.688,96.3357
10612.0,0.0,75.9189,80.8687,580.286,4.939660999999999,114.263,421.546,-52.9151,166.778,288.307,-225.52,252.081,151.033,-167.46,210.549,214.249,-219.995,301.057,94.8325,-320.332,250.439,131.931,-367.389,279.51,95.7686
10613.0,0.0,74.0238,82.45905,579.494,2.014741999999999,115.003,421.753,-56.2672,167.034,288.362,-229.709,251.26,150.607,-171.462,210.143,213.371,-224.232,300.756,94.7738,-324.52,249.529,131.316,-371.277,278.485,95.1465
10614.0,0.0,71.6559,84.0494,579.059,-0.910177,115.904,420.814,-59.6022,167.559,287.172,-233.49,250.948,149.834,-174.818,209.69,214.178,-227.68,300.162,94.8243,-327.74,249.071,130.639,-374.813,277.935,94.5653
10615.0,0.0,69.34004999999999,85.3785,578.166,-3.79634,116.402,420.937,-63.3069,167.56,288.084,-236.34,250.816,149.337,-177.845,209.698,212.947,-231.169,299.767,94.0984,-330.88,248.43,130.227,-377.959,277.271,93.9527
10616.0,0.0,67.0242,86.8386,577.833,-6.26946,116.898,419.998,-66.0431,168.025,287.079,-240.271,250.492,149.632,-181.215,209.236,213.135,-233.993,299.768,93.4831,-334.458,247.384,129.251,-381.452,276.298,93.1609
10617.0,0.0,64.7016,88.1918,577.207,-9.24912,117.696,420.28,-69.0949,168.189,287.315,-243.55,250.223,148.623,-184.32,209.185,211.891,-238.308,299.214,92.7628,-338.04,246.797,128.564,-385.482,275.133,92.6271
10618.0,0.0,62.9492,89.4051,577.088,-11.9459,118.086,419.448,-72.6002,168.605,287.117,-247.206,249.957,148.043,-187.665,208.991,212.533,-241.073,298.768,91.8541,-340.969,246.389,128.0425,-388.778,274.503,91.9583
10619.0,0.0,60.5186,90.5145,576.114,-14.1678,119.043,418.898,-75.2412,168.827,286.775,-250.151,249.639,147.957,-190.693,208.748,212.043,-244.436,298.337,91.5176,-344.454,245.799,127.521,-391.835,273.878,91.2655
10620.0,0.0,58.2558,91.4806,575.448,-17.0278,119.739,418.337,-78.3343,169.156,286.276,-252.769,249.455,146.9445,-193.909,208.438,211.553,-247.722,297.686,90.3233,-347.182,245.68,126.566,-395.355,272.781,91.4435
10621.0,0.0,56.1949,92.6786,574.876,-19.2623,120.392,417.781,-81.0746,169.42,285.837,-256.386,248.939,145.932,-196.634,208.349,210.564,-251.293,297.886,89.129,-350.788,244.836,125.641,-398.041,271.967,89.9357
10622.0,0.0,54.0396,93.6432,574.0355,-21.7325,121.119,417.305,-84.0827,169.814,285.616,-259.176,248.848,145.621,-199.803,208.124,210.703,-253.967,297.338,88.3935,-353.41,244.209,124.559,-401.471,271.115,89.3732
10623.0,0.0,51.9019,94.746,573.195,-23.9524,121.66,416.777,-87.0099,170.125,285.432,-262.086,248.379,144.582,-202.429,207.974,209.669,-256.965,296.759,87.3289,-355.987,243.751,124.323,-404.348,270.482,88.9452
10624.0,0.0,49.6485,95.8957,572.331,-26.5339,122.064,416.48,-89.6555,170.514,285.435,-264.994,248.164,143.783,-205.631,207.774,209.159,-260.236,296.21,86.6962,-359.125,243.211,123.294,-406.948,270.058,88.0739
10625.0,0.0,47.7559,96.9262,571.767,-28.5403,122.703,415.525,-92.3032,170.864,284.69,-267.781,247.674,143.311,-208.036,207.651,208.612,-262.58,296.123,85.4904,-362.105,242.791,122.609,-410.192,269.133,87.3297
10626.0,0.0,45.3523,97.7614,570.842,-31.2854,123.325,415.051,-94.9072,171.125,284.767,-270.386,247.379,142.092,-210.912,207.475,208.606,-265.365,295.983,85.1878,-363.957,242.659,121.743,-413.043,268.66,86.6398
10627.0,0.0,43.5123,98.9062,570.444,-33.2095,123.787,414.118,-97.2045,171.573,283.666,-273.236,247.062,141.777,-213.12,207.352,208.362,-267.64,295.535,84.0824,-366.537,242.3,120.65,-415.362,267.651,85.7196
10628.0,0.0,41.507,99.9761,569.785,-35.2841,124.439,414.07,-100.072,171.876,283.572,-274.992,247.009,140.7875,-216.181,207.123,207.662,-270.125,295.324,83.2934,-369.533,241.642,119.557,-417.786,267.15,84.3437
10629.0,0.0,39.3102,100.961,569.068,-37.9354,124.927,413.302,-102.067,172.036,283.533,-278.25,246.337,139.798,-218.312,206.995,206.962,-273.077,295.138,82.8082,-371.346,241.331,118.369,-420.748,266.53,83.447
10630.0,0.0,37.6138,101.877,568.642,-39.823,125.468,413.154,-104.877,172.191,282.678,-279.896,246.54,138.903,-220.415,206.943,206.159,-275.354,294.467,81.6819,-373.619,240.72,117.189,-421.976,266.262,82.0429
10631.0,0.0,35.5071,102.727,567.817,-41.8559,125.886,412.014,-106.919,172.39,282.461,-282.62,246.162,138.032,-222.574,206.72,205.102,-277.06,294.421,80.6494,-375.725,240.083,116.009,-424.943,265.506,81.6054
10632.0,0.0,33.5803,103.696,567.404,-44.2044,126.304,412.038,-108.954,172.698,281.778,-284.296,245.886,136.877,-225.0,206.54,205.178,-278.873,294.032,79.6816,-378.12,239.602,115.6,-426.571,265.057,80.4047
10633.0,0.0,31.9225,104.669,566.836,-45.8141,126.819,411.577,-111.426,172.811,281.522,-286.535,245.695,136.274,-227.121,206.377,204.085,-281.508,293.82,79.64,-380.761,238.857,114.425,-428.299,264.195,78.75985
10634.0,0.0,30.0251,105.479,566.195,-48.0206,127.124,410.913,-113.264,173.029,281.075,-288.985,245.413,136.163,-228.816,206.162,202.901,-283.088,293.516,79.2652,-381.834,238.623,113.16,-430.655,263.462,77.115
10635.0,0.0,28.1129,106.173,565.694,-49.7915,127.607,410.74,-115.116,172.954,281.159,-290.341,245.17,134.87650000000002,-230.946,205.921,202.849,-284.912,293.135,77.85595,-384.043,238.2,111.678,-432.005,263.065,76.0513
10636.0,0.0,26.4427,106.831,564.977,-51.4625,127.788,409.664,-117.086,173.244,280.368,-292.126,244.721,133.59,-233.041,205.7,202.382,-286.552,293.056,76.4467,-385.255,237.892,110.53066666666666,-434.112,262.237,74.9141
10637.0,0.0,24.8009,107.533,564.431,-53.6387,128.169,409.364,-118.917,173.238,279.69,-294.196,244.404,133.098,-234.798,205.471,201.299,-288.503,293.049,76.0714,-386.549,237.312,109.38333333333334,-435.15,262.007,73.5262
10638.0,0.0,23.1047,108.166,564.006,-55.0543,128.961,409.347,-120.644,173.14,279.632,-295.506,244.11,132.289,-236.13,205.155,200.715,-289.852,292.682,75.2581,-388.76,236.449,108.236,-436.977,261.533,72.1645
10639.0,0.0,21.5816,109.005,563.409,-56.8289,129.136,408.639,-122.685,173.369,279.368,-297.568,243.492,131.755,-237.894,204.866,200.442,-291.003,292.271,74.6492,-390.051,236.035,106.5536,-438.417,260.942,70.5763
10640.0,0.0,19.9705,109.64,562.704,-58.5794,129.326,408.244,-124.485,173.383,278.354,-299.24,243.16,131.493,-239.885,204.746,199.341,-292.289,292.113,73.8794,-391.503,235.594,104.8712,-439.228,260.399,68.62425
10641.0,0.0,18.5767,110.142,562.637,-59.7668,129.707,408.264,-126.362,173.289,278.845,-300.699,242.817,130.173,-241.64,204.446,198.24,-293.362,291.81,73.256,-392.424,234.735,103.1888,-440.002,259.889,66.6722
10642.0,0.0,16.9416,110.601,562.109,-61.4898,130.057,407.861,-127.909,173.419,278.69,-301.309,242.558,128.853,-243.314,204.111,198.426,-294.62,291.422,72.1876,-393.817,234.143,101.5064,-441.395,259.109,65.4009
10643.0,0.0,15.3152,111.073,561.422,-63.3243,130.209,407.574,-129.602,173.482,277.954,-303.094,242.04,127.533,-244.271,203.747,197.839,-295.618,290.998,71.2095,-394.689,233.95,99.824,-442.825,258.171,64.9091
10644.0,0.0,14.2454,111.707,561.423,-64.4685,130.508,407.487,-131.119,173.417,277.38,-304.268,241.796,126.842,-245.232,203.444,197.092,-296.358,290.945,70.3231,-396.19,233.496,98.5066,-443.918,257.637,63.844
10645.0,0.0,12.9953,112.219,561.3,-66.1044,130.718,407.336,-132.685,173.409,277.853,-304.623,241.759,125.741,-246.898,203.182,196.015,-297.118,290.898,69.8336,-397.237,233.028,97.4727,-444.701,257.093,62.9086
10646.0,0.0,11.3807,112.719,560.872,-67.8684,130.791,406.791,-134.808,173.279,277.962,-305.652,241.484,124.4565,-248.52,202.977,195.465,-298.077,290.486,69.2449,-398.128,232.745,96.5788,-445.681,256.649,62.8348
10647.0,0.0,9.98312,113.244,560.495,-68.9306,130.793,406.185,-135.741,173.415,277.189,-306.644,241.203,123.172,-249.357,202.78,195.017,-299.073,290.302,67.9807,-398.608,232.565,94.93455,-447.004,255.496,61.8512
10648.0,0.0,8.94256,113.763,560.487,-70.0924,130.955,406.236,-136.734,173.384,276.579,-307.743,240.919,122.439,-250.349,202.369,194.843,-299.924,290.069,66.7165,-398.616,232.291,93.2903,-447.511,254.679,61.1964
10649.0,0.0,7.83276,114.173,560.316,-72.0044,131.147,406.294,-138.084,173.338,276.562,-308.891,240.655,121.787,-251.406,202.21,193.81,-300.495,289.723,65.5792,-398.882,232.005,92.6719,-448.021,254.065,61.1798
10650.0,0.0,6.31641,114.509,559.986,-73.2513,131.365,405.691,-139.543,173.229,277.262,-309.509,240.401,121.279,-252.739,201.855,192.993,-300.365,289.722,64.59575,-399.72,231.764,91.7084,-448.859,253.792,61.4861
10651.0,0.0,4.84381,114.861,559.534,-73.7604,131.616,405.203,-140.563,173.227,277.312,-309.764,240.309,120.721,-253.613,201.758,192.341,-300.878,289.576,63.6123,-400.871,231.318,90.9929,-449.678,253.507,61.5485
10652.0,0.0,4.0883,115.248,559.529,-74.5952,131.748,405.033,-141.499,173.2,276.391,-310.557,240.123,119.897,-254.544,201.515,191.582,-301.124,289.492,62.8251,-401.726,230.986,91.5481,-451.069,253.001,61.4291
10653.0,0.0,3.27129,115.58,559.508,-76.0017,131.784,405.15,-142.305,173.106,275.757,-311.377,239.714,118.683,-254.709,201.232,191.644,-301.833,289.099,62.6428,-402.009,231.368,90.828,-452.145,252.696,62.0829
10654.0,0.0,2.32129,115.886,559.198,-77.3048,131.782,404.673,-143.013,172.974,275.376,-312.011,239.385,117.998,-255.143,201.049,191.36,-302.601,288.829,62.6185,-402.829,231.145,89.4002,-452.54,252.347,62.5965
10655.0,0.0,1.12112,116.088,558.894,-78.1044,131.808,404.202,-143.888,172.939,275.34,-312.348,239.181,117.585,-255.805,200.891,190.819,-303.385,288.628,62.519,-403.401,230.977,88.3297,-452.864,251.641,62.5919
10656.0,0.0,0.0318737,116.188,558.579,-78.615,131.884,404.13,-144.632,172.888,275.463,-312.683,239.1,117.078,-256.76,200.643,189.864,-304.124,288.457,62.1643,-403.753,230.693,88.0077,-453.109,250.932,62.4015
10657.0,0.0,-0.843553,116.433,558.37,-78.9687,132.021,404.046,-145.346,172.77,275.624,-313.351,238.931,116.546,-257.178,200.579,189.22,-304.634,288.441,61.7502,-403.918,230.358,87.6892,-453.37,250.534,62.7274
10658.0,0.0,-1.49462,116.701,558.314,-79.3485,132.105,403.907,-146.077,172.744,275.38,-313.901,238.844,115.73,-257.34,200.579,188.954,-304.984,288.243,61.27,-404.144,229.976,87.539,-453.74,250.295,63.8879
10659.0,0.0,-2.04303,116.894,558.25,-79.9863,132.139,403.593,-146.726,172.775,275.287,-314.189,238.739,115.339,-257.86,200.483,188.537,-305.208,288.197,60.3759,-404.353,229.832,87.5299,-454.383,250.022,65.4396
10660.0,0.0,-2.50687,117.119,558.286,-80.9201,131.991,403.128,-147.054,172.664,275.018,-314.228,238.674,115.074,-258.375,200.404,188.232,-305.295,288.074,59.808,-404.666,229.904,87.6217,-454.257,249.809,67.0834
10661.0,0.0,-2.98994,117.29,558.152,-81.6037,131.854,402.687,-147.392,172.684,274.431,-314.35,238.592,114.91,-258.819,200.294,187.993,-305.381,287.826,59.2375,-404.484,230.148,87.361,-454.133,249.422,68.3475
10662.0,0.0,-3.53365,117.336,558.064,-82.11,131.685,402.49,-147.641,172.645,274.032,-314.445,238.441,114.694,-259.249,200.22,187.844,-305.54,287.628,58.8687,-404.931,230.217,87.4131,-454.381,248.643,69.9272
10663.0,0.0,-4.10998,117.299,557.913,-82.3863,131.706,402.421,-147.801,172.603,273.855,-314.927,238.273,114.832,-259.688,200.15,187.884,-305.574,287.347,58.6681,-405.235,230.233,87.7348,-454.463,247.853,71.4192
10664.0,0.0,-4.57622,117.278,557.789,-82.5975,131.662,402.378,-147.876,172.542,273.723,-315.188,238.176,114.891,-259.801,200.207,187.555,-305.462,287.142,58.449,-405.853,230.042,87.6142,-453.991,247.55,72.9223
10665.0,0.0,-4.99027,117.263,557.702,-82.7491,131.627,402.363,-148.002,172.497,273.63,-315.532,237.977,114.618,-259.832,200.151,187.402,-305.482,286.985,57.9914,-406.307,229.7,87.5068,-453.87,247.239,74.1588
10666.0,0.0,-5.33627,117.18,557.718,-82.863,131.562,402.254,-148.12,172.432,273.482,-315.637,237.826,114.448,-259.886,199.976,186.883,-305.661,286.715,57.8652,-406.419,229.324,87.3933,-453.805,246.867,75.0184
10667.0,0.0,-5.62302,117.114,557.684,-82.8738,131.461,402.288,-148.185,172.299,273.387,-315.785,237.662,114.346,-259.889,199.782,187.325,-305.862,286.472,57.9166,-406.556,229.037,87.3511,-453.577,246.458,75.5232
10668.0,0.0,-5.84569,117.042,557.738,-82.8828,131.391,402.25,-148.191,172.208,273.241,-315.828,237.602,114.201,-259.888,199.84,186.874,-305.866,286.328,57.72,-406.611,228.844,87.3281,-453.327,246.198,75.8158
10669.0,0.0,-6.02768,116.902,557.773,-82.9272,131.325,402.229,-148.162,172.146,273.221,-315.886,237.458,114.209,-259.886,199.788,186.655,-305.932,286.062,57.7226,-406.51,228.736,87.4076,-452.579,245.889,76.5466
10670.0,0.0,-5.94782,116.905,557.776,-82.8841,131.201,402.165,-148.096,172.063,273.035,-315.854,237.444,114.23,-259.911,199.659,186.632,-305.735,285.959,57.6066,-406.358,228.655,87.481,-451.751,245.387,76.957
10671.0,0.0,-6.0321,116.766,557.874,-82.7896,131.158,402.245,-147.858,171.869,273.062,-315.648,237.38,114.172,-259.568,199.669,186.796,-305.614,285.867,57.5596,-405.973,228.532,87.8591,-451.216,244.941,77.3267
10672.0,0.0,-6.28536,116.45,557.985,-82.7233,130.977,402.277,-147.654,171.721,273.024,-315.525,237.38,114.211,-259.862,199.634,187.377,-305.531,285.759,57.661,-405.816,228.405,88.4094,-450.914,244.548,78.1737
10673.0,0.0,-6.32031,116.249,558.071,-82.6402,130.807,402.177,-147.382,171.568,273.083,-315.185,237.364,114.394,-259.694,199.594,187.521,-305.272,285.654,57.7689,-405.999,228.048,89.7098,-450.943,244.475,79.5488
10674.0,0.0,-6.27967,116.134,558.141,-82.4482,130.716,402.122,-146.977,171.458,273.068,-314.687,237.447,114.275,-259.27,199.579,187.33,-304.795,285.486,57.6258,-405.487,227.927,90.0324,-450.514,244.572,80.9649
10675.0,0.0,-6.11537,115.902,558.285,-82.3167,130.495,402.129,-146.841,171.338,273.113,-314.057,237.543,113.784,-258.744,199.482,187.084,-304.147,285.367,57.5181,-405.126,227.571,90.3375,-450.282,244.566,82.1688
10676.0,0.0,-5.94693,115.671,558.536,-82.0902,130.242,402.157,-146.562,171.162,273.276,-313.355,237.541,113.382,-258.372,199.51,187.031,-303.322,285.262,57.3454,-404.801,227.102,91.1421,-450.465,244.592,83.813
10677.0,0.0,-5.65627,115.292,558.743,-81.8736,130.039,402.187,-145.782,171.01,273.111,-312.751,237.475,112.886,-257.966,199.498,187.133,-302.445,285.19,57.3084,-403.696,226.797,92.4659,-450.575,245.146,86.096625
10678.0,0.0,-5.43838,114.968,558.926,-81.5542,129.871,402.225,-145.062,170.923,272.923,-312.706,237.335,113.318,-257.486,199.374,187.285,-301.707,285.344,57.5796,-403.045,226.385,93.7897,-450.572,245.739,88.38025
10679.0,0.0,-5.21447,114.648,559.035,-80.9791,129.605,402.377,-144.676,170.882,272.927,-312.466,237.215,113.728,-256.83,199.294,187.394,-301.022,285.373,57.9515,-401.528,226.125,95.575525,-449.581,247.108,90.663875
10680.0,0.0,-4.89153,114.283,559.18,-80.2512,129.414,402.493,-144.584,170.557,272.49,-311.863,237.052,113.848,-256.075,199.23,187.708,-300.052,285.394,58.3512,-401.293,225.854,97.36135,-448.584,248.844,92.9475
10681.0,0.0,-4.67923,113.812,559.375,-79.7737,129.144,402.87,-143.525,170.355,272.576,-311.212,237.001,113.892,-255.292,199.19,187.544,-298.825,285.261,59.1528,-400.281,226.158,99.147175,-448.144,250.58,95.231125
